Country Name,Country Code,Indicator Name,Indicator Code,1960,1999,2000,2001,2002,2003,2004,2005,2006,2007,2008,2009,2010,2011,2012,2013,2014,2015,2016,2017,2018,2019,2020,2021,2022,2023
Aruba,ABW,GDP per capita growth (annual %),NY.GDP.PCAP.KD.ZG,,-1.689536653,4.924526639,2.355476588,-2.121340759,0.107045476,6.331365041,-1.37737686,-0.060443724,1.831640411,0.579383198,-12.76027036,-3.827864136,2.402778496,-1.839358143,5.636970759,-2.264869106,-1.25558861,1.121182958,6.474908623,1.876401437,-2.74340148,-24.0845699,27.69686459,10.55378605,
Africa Eastern and Southern,AFE,GDP per capita growth (annual %),NY.GDP.PCAP.KD.ZG,,0.093893225,0.620200384,0.896955348,1.203673409,0.336823624,2.837348135,3.407735803,3.773104142,3.79522566,1.56207741,-1.825118327,2.409399304,1.295365426,-0.957943111,1.430370993,1.175569552,0.203288817,-0.530115362,-0.004161346,-0.006479141,-0.488722907,-5.316185065,1.841881743,0.985594676,0.088483654
Afghanistan,AFG,GDP per capita growth (annual %),NY.GDP.PCAP.KD.ZG,,,,-10.10196643,20.56796346,0.927029119,-2.497254626,7.321873845,1.084988197,11.80338266,1.864754464,17.14353432,11.09921992,-3.211364303,8.247144256,2.002522146,-0.964803331,-1.666416415,-0.345802496,-0.253593781,-1.688576592,0.932833386,-5.36466593,-22.96694199,-8.586651901,
Africa Western and Central,AFW,GDP per capita growth (annual %),NY.GDP.PCAP.KD.ZG,,-1.130667992,1.080452427,2.343821744,6.92138305,2.642072459,5.022001904,2.905186332,2.471956724,2.620199463,3.35354601,3.342989335,4.009921042,1.945052094,2.259037914,3.254876848,3.089858567,0.088258121,-2.503644551,-0.410203507,0.168898043,0.572954919,-3.527789055,1.385814752,1.213856709,0.782040907
Angola,AGO,GDP per capita growth (annual %),NY.GDP.PCAP.KD.ZG,,-1.062724886,-0.234945633,0.838227322,9.937307249,-0.466060748,7.127076561,11.00956557,7.614219203,9.935108707,7.163046012,-2.797289984,0.571220941,-0.345062435,4.53805378,1.106331035,1.030729118,-2.64297533,-6.011890778,-3.630695038,-4.676669584,-4.017114161,-8.672432129,-1.954598006,-0.09675473,-2.155077378
Albania,ALB,GDP per capita growth (annual %),NY.GDP.PCAP.KD.ZG,,13.60806912,7.630022439,9.314397139,4.850475334,5.924211542,5.956569596,6.067882439,6.572922982,6.787228936,8.328108423,4.053139864,4.223083827,2.821642455,1.584872815,1.187234353,1.985388092,2.516827054,3.480293217,3.898112267,4.276311551,2.523540843,-2.745238678,9.922713708,6.13901679,4.633910227
Andorra,AND,GDP per capita growth (annual %),NY.GDP.PCAP.KD.ZG,,3.355457446,2.83605354,5.372532989,0.076702358,4.196837094,3.882383777,1.578040219,4.292621435,4.22037542,-2.935382027,-2.478037072,1.222687703,1.340893892,-5.571255543,-4.026027034,2.140938982,1.257416013,2.574504588,-1.41657902,-0.003870296,0.23829657,-12.73507756,6.459440532,8.479469505,1.109786261
Arab World,ARB,GDP per capita growth (annual %),NY.GDP.PCAP.KD.ZG,,-0.418281513,4.215796084,-0.554578732,-1.516498389,2.628895126,6.552389702,3.061790555,3.535304225,1.771866162,2.769946748,-2.166110863,2.320163352,1.36890914,2.786278402,0.215234153,0.12172962,1.205601629,1.468762972,-0.54615639,0.516143649,-0.383662261,-7.0352064,3.43750954,3.934409876,-0.901503198
United Arab Emirates,ARE,GDP per capita growth (annual %),NY.GDP.PCAP.KD.ZG,,-2.958957306,4.836129648,-3.85155414,-2.625471695,3.671047169,4.630576275,-2.190420613,-4.0177154,-13.9233874,-13.28742756,-17.1453939,-4.256385865,5.058808711,0.769638847,4.012692145,3.174202487,5.817357871,4.653505395,-0.087326071,0.517239889,0.323686527,-5.731044522,3.487214663,6.982417466,2.580896072
Argentina,ARG,GDP per capita growth (annual %),NY.GDP.PCAP.KD.ZG,,-4.492112129,-1.906987498,-5.453796978,-11.84595039,7.719229637,7.928157051,7.732496999,6.934981738,7.916210572,3.029785407,-6.867955225,9.844296398,4.788683139,-2.14528445,1.265685175,-3.57858051,1.629664279,-3.110063898,1.757648183,-3.601609757,-2.969562499,-10.77027323,9.673920935,3.989131085,-2.436251114
Armenia,ARM,GDP per capita growth (annual %),NY.GDP.PCAP.KD.ZG,,4.412252849,7.153578185,10.83797617,14.22429285,14.77383628,11.16164945,14.59145586,13.97648864,14.53610037,7.651455058,-13.54579168,2.824481883,5.319018352,7.735370834,3.764129648,4.010645933,3.606369078,0.646135943,8.024397049,5.769882149,8.2086495,-6.704049318,6.354744402,13.02541852,8.797784101
American Samoa,ASM,GDP per capita growth (annual %),NY.GDP.PCAP.KD.ZG,,,,,,1.376760783,0.958704603,0.238921013,-3.394752379,2.67197034,-1.800450002,-3.257941095,1.245264257,0.992450746,-3.231910641,-1.21950184,3.279021642,4.854442301,0.113644342,-5.135339886,4.874061125,1.831713966,6.970688208,1.759928333,3.486017106,
Antigua and Barbuda,ATG,GDP per capita growth (annual %),NY.GDP.PCAP.KD.ZG,,1.953046146,4.457370716,-6.00085609,-0.255328035,4.881280647,4.606451259,5.236793969,11.27852467,7.821201492,-1.497264331,-13.29913276,-9.089012369,-3.12758899,2.258624319,-1.525104035,1.364997457,0.649980301,3.383651477,1.839235757,6.361375194,2.550901433,-19.35925206,7.54757506,8.880996614,3.272750734
Australia,AUS,GDP per capita growth (annual %),NY.GDP.PCAP.KD.ZG,,3.88493233,2.738944295,0.723531157,2.80352716,1.911738676,3.115893443,1.906065238,1.377980034,1.896708392,1.531111868,-0.185773153,0.648500068,0.995812002,2.119926068,0.855301403,1.088300782,0.741438844,1.186265851,0.647495219,1.378345353,0.682490945,-1.556436301,1.968061646,2.950325584,0.603284936
Austria,AUT,GDP per capita growth (annual %),NY.GDP.PCAP.KD.ZG,,3.355044661,3.12743665,0.880259098,1.152676331,0.450946527,2.099711169,1.549877317,2.943417859,3.391730827,1.143307119,-4.016340042,1.592577128,2.576448318,0.222450577,-0.562298943,-0.122370667,-0.11154019,0.89246914,1.550724086,1.92771306,1.000406953,-7.019825952,3.784719697,3.808956062,-1.811928227
Azerbaijan,AZE,GDP per capita growth (annual %),NY.GDP.PCAP.KD.ZG,,6.461584076,10.19102927,9.051822038,8.625351066,9.376460364,8.301538479,26.66009477,33.03048777,23.59068541,8.457450126,7.050602519,3.806491021,-1.195842962,0.816684128,4.450020099,1.475936941,-0.103121365,-4.17717168,-0.778416126,0.624486168,1.635850481,-4.952701739,5.151500069,4.673439952,1.415979777
Burundi,BDI,GDP per capita growth (annual %),NY.GDP.PCAP.KD.ZG,,-3.329950483,-2.86056588,-0.439187877,1.568534631,-4.274588198,1.010882046,-2.764880494,1.706713839,-0.277700517,0.637154646,-1.327694607,0.318221818,0.41151196,0.824080966,1.263599334,0.810602801,-5.980495612,-2.20613383,-1.772646486,-1.377139622,-1.457193033,-2.508461168,0.38116664,-0.824628692,-0.007284562
Belgium,BEL,GDP per capita growth (annual %),NY.GDP.PCAP.KD.ZG,,3.305706514,3.465452571,0.75248291,1.251984606,0.61587978,3.123928918,1.760455594,1.8781832,2.918338349,-0.343452718,-2.80592074,1.928764196,0.38003457,0.116402578,-0.013148386,1.128595725,1.451893368,0.755268919,1.228866236,1.330652227,1.689753689,-5.711729808,6.488770413,2.136544076,0.192342045
Benin,BEN,GDP per capita growth (annual %),NY.GDP.PCAP.KD.ZG,,2.169593733,2.689647379,2.207364924,1.548959248,0.372024802,1.316512038,-1.467813821,0.811410157,2.982053319,1.849625069,-0.648436891,-0.839355824,-0.007428192,1.800064493,4.127606235,3.290504999,-1.181684836,0.335852248,2.603556527,3.624262545,3.824506878,0.951937861,4.238708959,3.420679455,3.561042475
Burkina Faso,BFA,GDP per capita growth (annual %),NY.GDP.PCAP.KD.ZG,,4.299232007,-1.106850828,3.420372815,1.193156955,4.507163311,1.250803724,5.293432973,2.986692134,1.001302627,2.731085634,-0.012474271,5.305144555,3.502706594,3.273591496,2.657295331,1.263996385,0.877785605,2.893498327,3.203256836,3.693513328,3.064453604,-0.695533987,4.14209566,-0.794519873,0.401957858
Bangladesh,BGD,GDP per capita growth (annual %),NY.GDP.PCAP.KD.ZG,,2.684717105,3.305900935,3.100436692,1.92168942,2.926134543,3.50574324,4.930968203,5.388330721,5.939181512,5.076730246,4.124685812,4.373484664,5.174520877,5.204991119,4.678721918,4.747779227,5.291060808,5.803210397,5.266455113,6.080237769,6.687662727,2.271101294,5.716649087,5.954844841,4.693874309
Bulgaria,BGR,GDP per capita growth (annual %),NY.GDP.PCAP.KD.ZG,,-7.881074518,5.105057144,5.911159906,8.195214831,6.074062359,7.317404814,7.865502313,7.616849851,7.441488603,6.87712688,-2.722415576,2.226078677,2.746910765,1.334066,0.015418847,1.524868111,4.059411408,3.751778785,3.499175549,3.439130063,4.770081953,-3.387987666,8.542609992,10.55971654,2.396407611
Bahrain,BHR,GDP per capita growth (annual %),NY.GDP.PCAP.KD.ZG,,1.339020825,2.442157461,-0.14972112,0.8533771,2.208243364,-0.103815979,-1.336449595,-1.105353022,1.055400516,-0.434970499,-3.468434461,1.394890732,2.115445699,2.638951394,2.347595883,0.413894139,-0.9888553,-0.014526319,0.450232188,0.191457633,1.698724144,-3.565598605,3.586259002,4.25256128,1.565588065
"Bahamas, The",BHS,GDP per capita growth (annual %),NY.GDP.PCAP.KD.ZG,,5.513551244,2.628879213,1.190106235,1.359344878,-2.574033796,-0.469922706,1.994396654,1.103829252,0.027364579,-3.704543642,-5.545403081,0.120061239,-0.63214852,1.889639395,-3.767298841,0.936178676,0.079627995,-1.782023888,2.01529295,1.892926833,-2.003655928,-21.79346607,14.99716443,10.22051562,1.982610585
Bosnia and Herzegovina,BIH,GDP per capita growth (annual %),NY.GDP.PCAP.KD.ZG,,8.5206366,4.750052027,2.042863604,4.940438543,4.230918332,7.374875475,5.129516204,6.354630872,7.183286711,7.168092787,-1.362529167,2.62997049,2.792141415,1.034339285,3.957296129,2.47075228,5.698303515,4.527613112,4.473386407,5.045838146,4.09411575,-1.778703887,8.948276616,5.432879738,2.394387577
Belarus,BLR,GDP per capita growth (annual %),NY.GDP.PCAP.KD.ZG,,3.866378733,6.299636368,5.263892187,5.716082436,7.794917865,12.21261827,10.14976724,10.67558671,9.099460042,10.58130503,0.446705735,8.034088147,5.625881241,1.846520265,1.042243344,1.669105162,-3.957343643,-2.611299318,2.644247088,3.37043437,1.651118196,-0.251386576,3.290821506,-3.888387839,4.449606935
Belize,BLZ,GDP per capita growth (annual %),NY.GDP.PCAP.KD.ZG,,5.743670657,8.658248234,1.737535587,2.151710006,6.337442083,1.650275625,-0.7875041,1.487551716,0.36189855,-4.275932527,-3.1440316,-1.254067768,-2.546735303,1.348535826,2.126119256,1.748010161,1.063864853,-2.036875814,-3.747261339,-0.894543697,2.353207273,-15.00434857,16.35687175,7.328153287,3.128573889
Bermuda,BMU,GDP per capita growth (annual %),NY.GDP.PCAP.KD.ZG,,2.805721748,8.348324206,6.071369138,-2.116731681,2.736271274,1.655071335,1.018079897,4.940272519,2.763815335,-2.444780256,-6.148629405,-1.736363236,-2.907850829,-5.647262748,-0.591137895,-3.903606108,0.622598427,0.3938692,4.716102205,-0.5028993,0.317253011,-6.816625323,5.632366643,6.713968522,
Bolivia,BOL,GDP per capita growth (annual %),NY.GDP.PCAP.KD.ZG,,-1.383429233,0.675361125,-0.099986843,0.706590426,0.933272881,2.377208378,2.627411949,2.981967715,2.75018668,4.328171136,1.601456455,2.375335576,3.453673773,3.39719644,5.069795424,3.783187059,3.220538823,2.663074214,2.623303336,2.684797339,0.737697155,-9.952404845,4.852474889,2.379798264,1.083512337
Brazil,BRA,GDP per capita growth (annual %),NY.GDP.PCAP.KD.ZG,,-0.948845923,2.970910781,0.059648944,1.760242779,-0.051285666,4.561781957,2.055571501,2.847962008,4.98082992,4.061722166,-1.073238333,6.522816179,3.013396273,1.007654033,2.114256452,-0.354514802,-4.358317179,-4.057423002,0.523296589,0.978938493,0.448280407,-3.918004172,4.210300254,2.544332854,2.381177724
Barbados,BRB,GDP per capita growth (annual %),NY.GDP.PCAP.KD.ZG,,0.134115254,4.254994513,-2.630358564,0.379644847,1.77670843,1.031642701,3.580491633,5.69870547,1.695978925,0.193845998,-5.418311892,-2.545180783,-1.051544238,-0.505894059,-1.551647067,-0.284468003,2.206615771,2.344369994,0.321058802,-0.924143741,0.203625235,-12.69951062,-1.361362551,13.30558444,4.383061987
Brunei Darussalam,BRN,GDP per capita growth (annual %),NY.GDP.PCAP.KD.ZG,,0.88016699,0.730069451,0.687036971,1.864685729,0.990882746,-1.284601231,-1.3250511,2.692052121,-1.416167647,-3.423745709,-3.209963091,1.111479826,2.336315197,-0.359754944,-3.330844835,-3.667518932,-1.522384232,-3.521143982,0.320205439,-0.868860057,2.974226152,0.291718917,-2.396821563,-2.423407703,0.617815738
Bhutan,BTN,GDP per capita growth (annual %),NY.GDP.PCAP.KD.ZG,,5.365267425,0.500693029,4.476824544,7.622418469,5.140586087,2.671628839,4.785804258,4.081596814,14.68177977,3.298410323,6.442016529,10.68835564,7.121067875,3.956725573,0.578396639,4.64569407,5.576715068,7.462662357,2.636928804,2.690394452,5.016132016,-10.804966,3.752521379,4.545704545,
Botswana,BWA,GDP per capita growth (annual %),NY.GDP.PCAP.KD.ZG,,7.342426783,-0.104457891,-1.73773223,4.107829816,2.80852064,0.925705688,2.693878237,6.347004907,3.73406781,1.176918832,-15.89055769,7.875871132,4.717165863,-2.070174126,9.005663889,3.679522612,-6.700302342,5.051373153,1.971944389,2.081346124,1.04167164,-10.40263091,10.1036935,3.806743239,1.000812395
Central African Republic,CAF,GDP per capita growth (annual %),NY.GDP.PCAP.KD.ZG,,0.757392208,-5.182200264,2.138855273,1.352775362,-7.657345914,3.720591047,-1.338182594,2.684667344,2.665865061,-0.03993708,6.272393967,2.485984851,2.610234803,4.145158394,-36.77769716,0.158111559,3.891158828,2.938099239,2.590923501,1.792220305,0.833009811,-1.624775579,-1.12909381,-1.695404956,-1.996031538
Canada,CAN,GDP per capita growth (annual %),NY.GDP.PCAP.KD.ZG,,4.289836599,4.1639485,0.774519432,1.887964846,0.895018593,2.135815594,2.237576582,1.602901527,1.064144852,-0.093342784,-4.020088121,1.951447476,2.13607714,0.65884199,1.253590129,1.848409517,-0.112369173,-0.098296353,1.809464463,1.280926579,0.429657581,-6.06240643,4.705382052,1.955670659,-1.85450959
Central Europe and the Baltics,CEB,GDP per capita growth (annual %),NY.GDP.PCAP.KD.ZG,,2.072669188,4.544594996,3.834921872,4.29313354,4.414703793,6.131055975,5.306031354,6.866285692,6.830636433,4.308653431,-3.321105358,1.804460449,3.760050809,1.05733043,0.882800301,3.432710333,4.266388448,3.016183706,5.361316049,5.152762066,4.050499011,-3.211028073,7.23833277,5.60591686,0.46318564
Switzerland,CHE,GDP per capita growth (annual %),NY.GDP.PCAP.KD.ZG,,1.179005936,3.376157295,0.934949653,-0.826280428,-0.771333169,1.998132056,2.093586607,3.42255066,2.991822023,1.509950794,-3.51055886,2.173638164,0.68733987,0.110596604,0.628360675,1.108693594,0.494129822,0.960131673,0.421326163,2.10552472,0.423089768,-2.854158322,4.588192118,1.7360013,-0.127139868
Channel Islands,CHI,GDP per capita growth (annual %),NY.GDP.PCAP.KD.ZG,,,,,,,,,,,,,,,,,,,,1.646868029,0.819136776,1.061069536,-9.378572414,14.40551514,6.940651551,
Chile,CHL,GDP per capita growth (annual %),NY.GDP.PCAP.KD.ZG,,-1.454255616,3.772356977,2.009936512,2.086110709,3.631566467,5.616340075,4.807518063,5.015991124,4.142002321,2.75580096,-2.128300571,4.788942687,5.176036998,5.12573838,2.316400118,0.77292782,1.105758381,0.550297851,-0.213266442,2.139078181,-1.152337224,-7.41187883,10.23239926,1.483212366,0.086767873
China,CHN,GDP per capita growth (annual %),NY.GDP.PCAP.KD.ZG,,6.733485658,7.638597676,7.551654832,8.404879975,9.354776644,9.46155877,10.74137513,12.09330469,13.6358205,9.090280101,8.855947676,10.10283262,8.953816042,7.134523777,7.050734134,6.750760316,6.420736477,6.238215448,6.301863101,6.251700556,5.575316863,1.995558042,8.351719954,3.002576026,5.309248534
Cote d'Ivoire,CIV,GDP per capita growth (annual %),NY.GDP.PCAP.KD.ZG,,-1.846652084,-2.959710898,-4.683346316,-5.142085307,-7.00066133,0.801103621,-1.268265052,0.568624257,-1.059815634,2.573868005,1.432261368,4.610518087,-7.314005485,5.430923067,8.499803033,6.868861326,4.463889962,4.442361059,4.668461261,2.186608496,4.053850735,-1.795020434,4.466609084,3.64433169,3.906974803
Cameroon,CMR,GDP per capita growth (annual %),NY.GDP.PCAP.KD.ZG,,1.77836308,1.131126751,1.619678854,1.714569112,2.61413205,4.150729438,-0.527954204,1.024993589,1.466544495,-0.029081451,-0.299622049,0.006582789,0.493346679,1.721841653,2.082609839,2.558902686,2.392797413,1.454232674,0.648212634,1.121795214,0.643223204,-2.422434418,0.650616045,0.926268102,1.333386551
"Congo, Dem. Rep.",COD,GDP per capita growth (annual %),NY.GDP.PCAP.KD.ZG,,-6.969532095,-9.570694324,-5.012042163,-0.151731065,2.514865995,3.60340242,2.879528265,2.017148351,2.897014253,2.880741558,-0.3784622,3.686160116,3.35182131,3.552018767,4.845979483,5.762181554,3.353084347,-1.088996024,0.216643095,2.413839975,1.110966274,-1.492689427,2.832379325,5.496328335,5.10794904
"Congo, Rep.",COG,GDP per capita growth (annual %),NY.GDP.PCAP.KD.ZG,,-5.14928872,3.547205816,-0.027544188,2.162661737,-1.938996116,0.019857938,3.94682346,4.007991907,-9.989537905,2.842036482,7.241581921,5.45626725,-1.056578869,6.936986163,-3.07344321,4.127141781,-1.954714357,-10.84078143,-7.825309864,-4.615554763,-1.229416403,-8.428402521,-1.298034062,-0.812657163,-0.370027888
Colombia,COL,GDP per capita growth (annual %),NY.GDP.PCAP.KD.ZG,,-5.794495364,1.271082627,0.088483853,0.942693274,2.390448042,3.839378166,3.406895648,5.339723444,5.422847619,2.084242363,0.001662279,3.323734506,5.784699766,2.837889026,4.098265909,3.513953479,1.990616494,1.002272725,-0.161953875,0.638439616,1.314952378,-8.540395377,9.54105156,6.549560116,0.204317448
Comoros,COM,GDP per capita growth (annual %),NY.GDP.PCAP.KD.ZG,,-0.105394136,8.717689838,0.28098417,0.255555657,0.119030969,-0.013669964,0.837129283,0.61407525,-1.200112163,1.888357948,1.14810444,1.637270424,1.960299485,0.985839766,2.249640757,-0.067894786,-1.014068958,1.102932073,1.712361833,1.686721598,-0.126909212,-2.074861396,0.190939004,0.534046631,0.856855181
Cabo Verde,CPV,GDP per capita growth (annual %),NY.GDP.PCAP.KD.ZG,,8.894187766,12.1340984,0.540730982,3.633309626,2.688116947,8.726368171,5.557902733,6.672709051,13.8360549,5.863825574,-2.516366975,0.747349442,2.681808363,-0.117356983,-0.500286991,-0.434814396,-0.177226393,3.117628741,3.33731044,2.572582873,5.867653835,-21.56780922,6.071379818,16.40476639,4.177349899
Costa Rica,CRI,GDP per capita growth (annual %),NY.GDP.PCAP.KD.ZG,,2.077614594,1.838873566,1.600982801,1.675937517,2.673776027,2.848457986,2.456798969,5.799838282,6.707755266,3.298011333,-2.203057167,4.012638871,3.116526116,3.627812474,1.319512789,2.414564007,2.573178611,3.15151339,3.143265986,1.661308308,1.535290566,-4.994101583,7.289650117,4.009202565,4.479819237
Caribbean small states,CSS,GDP per capita growth (annual %),NY.GDP.PCAP.KD.ZG,,2.878540645,2.65024699,0.344825579,1.212033908,0.927898777,1.958620365,2.480313159,3.663956873,2.524327541,-0.211062931,-3.316439648,0.2998717,1.08311392,1.599649924,-0.721550157,0.941171595,-0.120503122,-0.309021459,1.15235671,1.49639391,-0.030191113,-9.655683221,9.655589954,21.75674926,11.97997578
Cuba,CUB,GDP per capita growth (annual %),NY.GDP.PCAP.KD.ZG,,5.840205908,5.574321486,2.876228671,1.144029242,3.52243391,5.524827061,10.99578825,11.92139965,7.174032658,4.054763877,1.392178173,2.324766851,2.726846251,2.9185284,2.636075249,0.954420824,4.365870759,0.494073392,1.860147022,2.321609164,-0.061218557,-10.82301048,1.652416141,2.17589201,
Curacao,CUW,GDP per capita growth (annual %),NY.GDP.PCAP.KD.ZG,,,,3.007946013,0.274293371,-1.758681697,-1.505340183,-1.858439975,-0.940961791,0.466173824,0.910342295,-1.176896518,-1.176268627,-0.909566648,-1.17256195,-1.755807825,-1.967466527,-0.858779915,-2.111162107,-1.59116273,-1.588630519,-2.041096644,-16.71921893,5.963006911,9.607023521,
Cayman Islands,CYM,GDP per capita growth (annual %),NY.GDP.PCAP.KD.ZG,,,,,,,,,,0.108079057,-3.234237153,-9.809708401,-5.36390739,-1.416133926,-1.205742325,-1.072927618,0.332870949,0.550605615,1.011164289,1.032114391,2.173371227,1.951524945,-6.616767355,3.634726318,4.283930012,
Cyprus,CYP,GDP per capita growth (annual %),NY.GDP.PCAP.KD.ZG,,3.829598372,4.844155984,2.838129284,2.541064553,1.38361898,3.63080498,3.353772518,2.981296273,2.884110626,1.076560783,-4.610651165,-0.618672946,-2.127826855,-4.906836144,-6.335597965,-0.74281774,3.973378914,5.967386806,4.872481058,4.41139137,4.41372689,-4.479765068,8.891980276,3.636906148,
Czechia,CZE,GDP per capita growth (annual %),NY.GDP.PCAP.KD.ZG,,1.487792085,4.293071465,3.430857546,1.76597432,3.613338965,4.782365794,6.454261737,6.478203603,4.956085333,1.838240193,-5.198981919,2.136880484,1.55018979,-0.92373445,-0.079052895,2.154500479,5.181402654,2.340552261,4.889722042,2.875468527,2.624956267,-5.732526894,5.446369618,0.755661356,-2.159455312
Germany,DEU,GDP per capita growth (annual %),NY.GDP.PCAP.KD.ZG,,1.821428031,2.773221251,1.510558261,-0.365628327,-0.755077167,1.197055352,0.788917116,3.933610331,3.114245883,1.152029742,-5.454577169,4.339606777,5.869635737,0.230160993,0.163870563,1.784341886,0.617105353,1.408102075,2.297206047,0.678212594,0.847783197,-3.905303583,3.120162973,1.074951887,-1.112435856
Djibouti,DJI,GDP per capita growth (annual %),NY.GDP.PCAP.KD.ZG,,,,,,,,,,,,,,,,,5.185262601,5.69115555,5.34352223,3.737482068,3.09308758,3.894529187,-0.185692485,3.066295569,2.313383709,5.211747123
Dominica,DMA,GDP per capita growth (annual %),NY.GDP.PCAP.KD.ZG,,0.704671154,2.867298553,0.219160831,-2.98316206,6.073432194,2.852325155,0.509291715,4.555925723,6.301941569,7.110156189,-1.176774443,0.719489528,-0.204681673,-1.268694036,-0.900680193,3.920238121,-3.615168468,2.663927282,-7.054046687,2.933518572,4.608870253,-17.26089777,6.274997311,5.111782889,4.277848698
Denmark,DNK,GDP per capita growth (annual %),NY.GDP.PCAP.KD.ZG,,2.60794426,3.400684546,0.462534295,0.145880727,0.117358167,2.403233997,2.055110516,3.572063464,0.462731494,-1.094842128,-5.414013999,1.419486631,0.920393685,-0.149916088,0.513424428,1.105433466,1.622166258,2.443368874,2.162355113,1.485085157,1.130657494,-2.70866842,6.382444342,1.925341067,1.137211133
Dominican Republic,DOM,GDP per capita growth (annual %),NY.GDP.PCAP.KD.ZG,,4.312189114,3.075842277,0.943739475,2.997365375,-2.725462464,1.171908499,7.975831368,7.770307349,6.067420944,1.90090508,-0.362882608,6.924484313,1.800671362,1.415388695,3.572464785,5.748381463,5.655742243,5.425601523,3.490477238,5.807049827,3.928931727,-7.719058679,11.07827632,3.822256105,1.419912711
Algeria,DZA,GDP per capita growth (annual %),NY.GDP.PCAP.KD.ZG,,1.766866719,2.354580271,1.592496614,3.987839725,5.067457477,3.039698804,3.972019168,1.427704106,1.435213521,0.763187124,-0.601232167,2.870071684,1.063097087,0.429470118,0.601862817,2.060062449,1.156557658,1.849331718,-0.467047148,-0.511721135,-0.939034027,-6.631659187,2.093487611,1.926700998,2.494770973
East Asia & Pacific (excluding high income),EAP,GDP per capita growth (annual %),NY.GDP.PCAP.KD.ZG,,5.242052244,6.580618218,5.982306934,7.104118786,8.024262364,8.232751896,9.094090316,10.210798,11.63498957,7.806313305,7.196534203,9.131851953,7.81722375,6.666621406,6.405243985,6.132535698,5.900612304,5.769270769,5.900233394,5.833026227,5.185931294,0.769161736,7.236406918,3.14726676,4.844061854
Early-demographic dividend,EAR,GDP per capita growth (annual %),NY.GDP.PCAP.KD.ZG,,0.187466755,2.495469996,-0.819835959,-0.008346584,3.54257134,4.373430764,4.128389411,4.327859389,4.006034659,1.859399551,-0.882037465,4.888186148,3.335969258,2.680741869,2.596121226,2.678241059,2.976705993,3.015151575,3.268667972,2.511219676,1.122760895,-5.496856762,6.457692459,4.476205207,2.883103996
East Asia & Pacific,EAS,GDP per capita growth (annual %),NY.GDP.PCAP.KD.ZG,,2.698850019,4.410505002,2.38022042,3.503760042,4.116189303,5.065322946,5.111391543,5.666523794,6.684493393,3.630340679,1.848187307,6.877621342,4.713861223,4.349353259,4.430673127,3.978943676,3.985556969,3.924664089,4.312332259,4.121542998,3.409332835,-0.57037667,5.939695031,2.669697239,3.859381365
Europe & Central Asia (excluding high income),ECA,GDP per capita growth (annual %),NY.GDP.PCAP.KD.ZG,,-1.398308217,6.405827706,-0.54300155,5.948695901,6.128058869,9.094957412,7.907077784,7.646600589,6.610146554,2.325816017,-4.228849413,6.056369926,7.568770926,3.232844417,5.689491304,2.495649467,2.663898561,1.877477068,4.937635478,2.64914086,1.36071366,-0.371034981,8.239407957,4.641959363,4.370469114
Europe & Central Asia,ECS,GDP per capita growth (annual %),NY.GDP.PCAP.KD.ZG,,2.761555779,4.242260074,2.123586078,1.3999966,1.535155648,2.888702578,2.363773698,3.547316803,3.322119244,0.604690809,-4.839242082,2.258152319,2.095396416,-0.024989755,0.39239493,1.455454848,1.590516886,1.443662066,2.506552006,1.752567562,1.470317021,-5.68484552,6.433474063,3.513727403,0.642606772
Ecuador,ECU,GDP per capita growth (annual %),NY.GDP.PCAP.KD.ZG,,-6.369163606,-0.625240913,2.429572226,3.121136451,1.101005477,4.990033652,3.596674969,2.560666952,0.166563693,4.764222494,-0.595594236,2.316190671,6.714879926,4.101523923,5.580830898,2.691182658,-1.351005584,-2.16005085,4.337019919,-0.84840938,-1.729289515,-10.5085169,8.527936631,4.987110508,1.289018893
"Egypt, Arab Rep.",EGY,GDP per capita growth (annual %),NY.GDP.PCAP.KD.ZG,,3.835706515,4.18886598,1.427875031,0.27135002,1.061259566,1.998606847,2.420125629,4.784127564,5.018084821,5.078168374,2.645918664,3.036697185,-0.45740936,-0.059787761,-0.153662238,0.53182407,2.095538306,2.192208627,2.128743381,3.349815022,3.67537083,1.770968732,1.591816288,4.928456185,2.169715046
Euro area,EMU,GDP per capita growth (annual %),NY.GDP.PCAP.KD.ZG,,2.693074499,3.539777612,1.864950689,0.473353197,0.164544521,1.747705699,1.174218871,2.764419051,2.485265199,-0.058394855,-4.838471569,1.92935969,1.937377232,-1.062593495,-0.550371782,1.060758435,1.759586777,1.580443205,2.424518751,1.558867796,1.483421284,-6.229985728,5.968884982,3.013822428,-0.133969366
Eritrea,ERI,GDP per capita growth (annual %),NY.GDP.PCAP.KD.ZG,,-1.417832241,-4.615491589,5.705289623,-0.451653406,-6.5430732,-2.577856846,0.089826485,-2.632089695,-0.170229234,-12.17251481,1.245507906,0.12159164,6.652182535,,,,,,,,,,,,
Spain,ESP,GDP per capita growth (annual %),NY.GDP.PCAP.KD.ZG,,4.067886268,4.776400785,3.214134567,1.289977181,1.13629399,1.358648611,1.915746393,2.357772472,1.704571588,-0.709644824,-4.611747923,-0.297178904,-1.166203907,-3.021906537,-1.079741265,1.699352659,3.919117265,2.950815909,2.734475155,1.837460464,1.254631755,-11.6001893,6.290659445,4.968051244,1.242495433
Estonia,EST,GDP per capita growth (annual %),NY.GDP.PCAP.KD.ZG,,-0.717824476,9.556418469,6.681033541,7.449840428,8.277712285,7.444416375,10.15499479,10.41473423,8.071025334,-4.877286528,-14.46432838,2.678164039,7.589211665,3.59836216,1.820154161,3.281874814,1.786274694,3.125538305,5.664039082,3.423619058,3.647863873,-1.160869408,7.135705561,-1.782541446,-4.237235421
Ethiopia,ETH,GDP per capita growth (annual %),NY.GDP.PCAP.KD.ZG,,2.025446944,2.980694098,5.183296102,-1.419431349,-4.963548611,10.35673538,8.688193147,7.745595719,8.322832059,7.68786008,5.794553796,9.419873429,8.054120481,5.618653919,7.583098924,7.314544923,7.456695097,6.501211497,6.622789071,3.998440256,5.523810568,3.280847984,2.925804545,2.677561913,3.849182604
European Union,EUU,GDP per capita growth (annual %),NY.GDP.PCAP.KD.ZG,,2.779100015,3.776208722,2.040989008,0.878916483,0.549672109,2.208402202,1.56429336,3.159469543,2.810480209,0.319096748,-4.574808204,2.082037848,2.081947978,-0.848127964,-0.325675572,1.347522451,2.08645416,1.755926138,2.683482975,1.88744779,1.722002312,-5.721373869,6.130631554,3.434137406,-0.020076889
Fragile and conflict affected situations,FCS,GDP per capita growth (annual %),NY.GDP.PCAP.KD.ZG,,0.819769257,3.144412819,1.818369226,2.278658795,-1.412246,8.625951843,3.32271763,3.318349196,3.545744547,2.572177232,0.560264976,4.419657142,-2.346137179,3.036510925,1.012182147,-0.239600469,-1.170268954,-0.096240432,0.286405222,0.492910371,0.266800241,-8.45270222,2.269512207,-0.256435212,-0.662921098
Finland,FIN,GDP per capita growth (annual %),NY.GDP.PCAP.KD.ZG,,4.137574737,5.553997853,2.37665487,1.460928622,1.76083857,3.690587797,2.428689227,3.628941348,4.852313276,0.315886377,-8.513028487,2.714966735,2.073396315,-1.865591174,-1.357215611,-0.776108383,0.21302942,2.516379895,2.950531373,1.00565417,1.113269092,-2.495122968,2.625228575,1.060265416,-1.53439327
Fiji,FJI,GDP per capita growth (annual %),NY.GDP.PCAP.KD.ZG,,7.548052587,-2.772962329,0.931771647,2.159245426,0.009775585,4.280889849,-0.247123291,0.911330811,-1.692810583,0.347435415,-1.894980247,2.524049644,2.344910977,1.110328173,4.459729481,5.360486527,4.314346977,2.315025004,5.279079936,3.814949366,-0.523026254,-17.21626055,-5.311875383,19.35091509,7.263950705
France,FRA,GDP per capita growth (annual %),NY.GDP.PCAP.KD.ZG,,2.88869862,3.212384848,1.24252729,0.401189129,0.109402979,2.076624908,0.903680387,1.741085258,1.795236367,-0.302483826,-3.370397283,1.448245262,1.700610402,-0.171161336,0.058149505,0.484564448,0.754024352,0.829056665,1.994998447,1.500539123,1.495898988,-7.791008509,6.131761316,2.142731649,0.409870599
Faroe Islands,FRO,GDP per capita growth (annual %),NY.GDP.PCAP.KD.ZG,,,,,,,,,,,,-4.338570643,-0.537917463,3.759634601,7.003385079,5.796209844,5.330455675,0.250331565,0.067786059,2.009917292,1.269862914,2.923660836,-3.300214242,4.807751723,4.999439241,
"Micronesia, Fed. Sts.",FSM,GDP per capita growth (annual %),NY.GDP.PCAP.KD.ZG,,1.253558695,4.674366384,1.949482805,0.507494245,1.742000006,-2.760965842,2.49992422,0.497798984,-1.146998814,-1.66513661,1.876592316,2.525522138,2.902596056,-2.179628787,-4.014111423,-2.677648939,4.203251189,0.060866513,0.361978186,-0.449837283,3.661115907,-2.596562147,1.868601886,-1.676007224,-0.14284878
Gabon,GAB,GDP per capita growth (annual %),NY.GDP.PCAP.KD.ZG,,-11.20291442,-4.362686955,-0.495554569,-2.859056185,-0.475164875,-2.061050467,-0.227534414,-5.664485439,2.776783314,-6.342412083,-3.113239988,3.487294146,3.382360848,1.571854945,2.000039245,0.887273108,0.721232639,-0.731650626,-2.062816754,-1.544872184,1.56821092,-3.969558634,-0.638652873,0.906957585,0.266540431
United Kingdom,GBR,GDP per capita growth (annual %),NY.GDP.PCAP.KD.ZG,,2.723119634,3.946660415,2.18459671,1.36197324,2.667396166,1.845402665,2.035842098,1.636445587,1.824364462,-1.007901032,-5.333719394,1.440384158,0.357726636,0.809511842,1.112855643,2.438574405,1.413498683,1.15154933,1.960020994,0.791214735,1.069833349,-10.68716802,8.763985823,3.168175372,-0.714682165
Georgia,GEO,GDP per capita growth (annual %),NY.GDP.PCAP.KD.ZG,,5.005584538,3.840180243,6.445785293,6.424652844,11.80961069,6.449849939,10.28957852,10.04529667,13.16435095,2.733234671,-2.791181048,7.024283669,8.803628873,7.366752155,5.449782655,4.041627523,3.188392949,3.388353283,5.145826776,6.103447451,5.561671659,-6.354787152,11.06507801,10.84220881,6.10651322
Ghana,GHA,GDP per capita growth (annual %),NY.GDP.PCAP.KD.ZG,,1.884379706,1.122932344,1.270303419,1.667050975,2.382824942,2.818909276,3.120307425,3.62857797,1.663212531,6.37791278,2.219568023,5.267238029,11.30007269,6.636351702,4.712772226,0.409400947,-0.265332917,0.983231575,5.739078113,3.96954738,4.30597775,-1.541636526,2.987836412,1.823891285,0.995480411
Gibraltar,GIB,GDP per capita growth (annual %),NY.GDP.PCAP.KD.ZG,,,,,,,,,,,,,,,,,,,,,,,,,,
Guinea,GIN,GDP per capita growth (annual %),NY.GDP.PCAP.KD.ZG,,1.496338581,0.510408916,2.323605419,3.545380567,-0.995885505,0.184086182,0.97932874,-0.876468729,4.395643232,1.655245405,-3.505824317,2.268178289,3.034084217,3.353180362,1.437755267,1.153539503,1.212553188,7.987763805,7.508405646,3.697806526,2.970450896,2.317241011,1.391141551,2.226401544,4.562665245
"Gambia, The",GMB,GDP per capita growth (annual %),NY.GDP.PCAP.KD.ZG,,3.328758783,2.488102794,2.80288577,-5.968645508,3.865439346,3.997774412,-5.183078011,-3.514924306,-0.085561126,3.007368864,3.395701264,2.674353276,-10.93207644,2.034710374,-0.218687978,-4.296675102,1.097050489,-0.875473407,2.006307675,4.439494294,3.513793718,-1.953083669,2.62763565,2.355895789,2.745352801
Guinea-Bissau,GNB,GDP per capita growth (annual %),NY.GDP.PCAP.KD.ZG,,14.64588466,-0.901851502,2.574964145,1.372494589,-2.557752885,-1.183212136,4.033933662,0.170577084,-0.019490528,1.865939379,-0.152497612,2.908390723,5.277345744,-4.311709916,0.517015963,-1.673870507,3.428111155,2.687179759,2.265238462,1.328850942,2.086965816,-0.784498727,4.082019691,1.980706409,2.053818348
Equatorial Guinea,GNQ,GDP per capita growth (annual %),NY.GDP.PCAP.KD.ZG,,20.81129706,13.04533447,55.59033038,13.94287693,8.822883661,31.87428239,11.56814122,2.864359425,10.00944444,12.3343735,-3.386937691,-13.15442826,1.864593187,3.862160121,-8.010053955,-3.557707297,-12.60468504,-12.20283544,-9.033697437,-9.444845259,-8.582057,-7.357228417,-1.51038137,1.211704148,-7.878583517
Greece,GRC,GDP per capita growth (annual %),NY.GDP.PCAP.KD.ZG,,2.67810007,3.495563374,3.591652712,3.542622706,5.542361245,4.801378661,0.304568113,5.335601691,3.010984022,-0.59938979,-4.552117076,-5.599550191,-10.01628121,-6.582904449,-1.806551373,1.147211957,0.463652786,-0.072424584,1.29229029,1.874903163,1.986865767,-9.121627047,9.706769693,6.997744732,2.657618178
Grenada,GRD,GDP per capita growth (annual %),NY.GDP.PCAP.KD.ZG,,6.274922914,4.293373586,-2.481392947,3.155389422,8.951584591,-1.351434926,12.51795891,-4.630238587,5.423401868,0.271734915,-7.249058795,-1.200350709,-0.005969379,-2.002481988,1.44700905,6.407661874,5.543417928,2.88696863,3.613848425,3.575975753,-0.050317483,-14.41148694,3.89188358,6.612330299,4.190479938
Greenland,GRL,GDP per capita growth (annual %),NY.GDP.PCAP.KD.ZG,,1.377884445,6.911024645,0.999463557,-1.424258359,4.143053963,6.632323711,4.943236044,5.855030281,2.748781079,6.593978749,0.874906571,0.695314556,-0.470283635,1.536976945,-0.726861643,5.091927333,-2.214918882,4.547808581,0.077664774,0.890684741,2.462731594,-0.064784281,0.778869514,,
Guatemala,GTM,GDP per capita growth (annual %),NY.GDP.PCAP.KD.ZG,,1.415353696,1.117529132,-0.096568126,1.48038852,0.348007859,0.968363113,1.152934092,3.238219371,4.25714893,1.321659783,-1.395470656,1.01189486,2.28579517,1.16050889,1.888642581,2.653911909,2.346295146,0.989365749,1.415648841,1.765136399,2.407414722,-3.273321968,6.415405552,2.629583197,2.04680755
Guam,GUM,GDP per capita growth (annual %),NY.GDP.PCAP.KD.ZG,,,,,,0.371784091,6.09185018,3.373803142,-3.795861033,0.663420001,2.058126101,0.527173492,2.061708278,-0.37183642,1.67778633,1.287430575,1.495953254,0.564587368,-0.037011602,0.734521662,-0.870563254,2.556434101,-10.83981172,1.278386778,4.341170678,
Guyana,GUY,GDP per capita growth (annual %),NY.GDP.PCAP.KD.ZG,,2.781265239,-1.498558663,2.177485651,1.064258426,-0.663450848,1.581783594,-1.858678755,5.315645839,7.452795433,2.075135496,4.010365433,4.601537788,5.719525983,5.313688445,3.174378166,1.186262665,0.165185137,3.252785926,3.168421418,1.480986515,3.606660366,43.75879921,18.90898175,62.59934929,32.18200728
High income,HIC,GDP per capita growth (annual %),NY.GDP.PCAP.KD.ZG,,3.000495508,3.757699559,1.104504154,1.142489162,1.814709143,2.995030742,2.430647129,2.583008238,2.148910415,-0.051771337,-4.010345404,2.47475827,1.62569654,0.952594834,1.058963589,1.595608566,1.79147324,1.295919498,1.999398566,1.924243213,1.463359302,-4.244070252,5.65914411,2.422770192,1.131157376
"Hong Kong SAR, China",HKG,GDP per capita growth (annual %),NY.GDP.PCAP.KD.ZG,,1.532297788,6.718457751,-0.17757296,1.207501801,3.259920389,7.855623017,6.920002668,6.34742272,5.553529951,1.518836504,-2.668921056,5.986383869,4.112154625,0.583759402,2.687923392,2.043130265,1.520014427,1.544527352,3.001460676,2.027183324,-2.396665629,-6.208734638,7.429461669,-2.802274606,0.612799102
Honduras,HND,GDP per capita growth (annual %),NY.GDP.PCAP.KD.ZG,,-3.322907091,4.400412323,0.002039928,1.06368067,1.905403435,3.620510732,3.510217463,4.082522846,3.786204233,1.950393632,-4.500621921,1.599903281,1.769563087,2.116986999,0.861032611,1.170430679,1.97813209,2.066839346,3.034580835,2.084618588,0.850322383,-10.43050711,10.8504463,2.601152431,2.009005842
Heavily indebted poor countries (HIPC),HPC,GDP per capita growth (annual %),NY.GDP.PCAP.KD.ZG,,0.314806373,0.161591136,0.886887373,0.824732027,0.844513668,2.699903874,2.608595459,2.860123876,2.562702158,2.729425784,0.824060695,3.171638075,1.568666047,1.080837861,2.701921505,2.85051134,1.859362151,1.480409385,2.000317308,1.271601173,1.540484071,-2.510556167,1.401360588,2.055053606,1.68569767
Croatia,HRV,GDP per capita growth (annual %),NY.GDP.PCAP.KD.ZG,,-0.426613045,3.976896807,7.165937282,5.758298145,5.569573716,4.150881933,4.173301409,5.052120965,5.097986025,2.031641875,-7.117619354,-1.000566842,0.287412573,-1.999166963,-0.028796706,0.065096665,3.397727998,4.375599959,4.613291381,3.907642872,4.017558255,-8.123279678,17.95736449,7.675111791,3.126160291
Haiti,HTI,GDP per capita growth (annual %),NY.GDP.PCAP.KD.ZG,,0.857909363,-0.955253581,-2.11657955,-0.696064318,1.711145544,-2.96130215,1.370751207,0.073155358,2.98893769,1.00245559,4.199388915,-6.727402233,3.921707912,-1.030951231,2.772632076,1.391457945,-0.049590682,0.386161159,1.097732862,0.293353843,-3.026509315,-4.557185437,-3.005803291,-2.848281306,-3.033732198
Hungary,HUN,GDP per capita growth (annual %),NY.GDP.PCAP.KD.ZG,,3.36340038,4.750947823,4.313086327,5.039963844,4.372780362,5.237399909,4.501903256,4.108054129,0.432838011,1.180953199,-6.453066957,1.304958757,2.155897137,-0.738925918,2.083240769,4.513367768,3.954282613,2.503053362,4.549563298,5.496018792,4.911693525,-4.281407351,7.505105162,5.308351562,-0.358217424
IBRD only,IBD,GDP per capita growth (annual %),NY.GDP.PCAP.KD.ZG,,2.436799143,4.617322499,2.411664088,3.393526503,4.776950469,6.466178544,6.040838426,7.185446849,7.878238685,4.850169903,1.755082709,6.750750325,5.299983747,4.329011947,4.090474624,3.686977077,3.348022539,3.546731794,4.25930857,4.029072722,3.15576037,-2.094942464,7.016348394,3.228766385,3.925026396
IDA & IBRD total,IBT,GDP per capita growth (annual %),NY.GDP.PCAP.KD.ZG,,2.112096731,4.171595238,2.156862709,3.158335977,4.376140647,6.076915253,5.647643307,6.674212478,7.29162313,4.460324237,1.622076335,6.268579772,4.78513007,3.866197834,3.818262012,3.469548152,2.988200629,3.137576801,3.828617062,3.624402909,2.766983806,-2.448281341,6.300275762,2.767562476,3.358641456
IDA total,IDA,GDP per capita growth (annual %),NY.GDP.PCAP.KD.ZG,,0.454060257,1.422906769,1.505985242,2.871263606,2.375622222,4.17735619,3.717899397,3.602226292,3.462398411,2.641678262,2.684340603,3.713967975,1.756863441,1.096602795,3.009376533,3.284660374,1.254223157,1.05185459,1.699133679,2.056368986,1.631450284,-2.999966498,2.12012365,2.04208984,1.04974137
IDA blend,IDB,GDP per capita growth (annual %),NY.GDP.PCAP.KD.ZG,,-0.476715274,1.018171098,1.561212181,4.355130017,2.584112195,5.057771719,3.75659932,3.413810497,3.137602662,1.68145541,3.422895172,3.298275032,2.069725923,2.081027596,3.315334218,3.473918929,1.720995461,0.155236996,0.569516398,1.776310797,0.706317215,-3.444196125,2.979313433,2.037505249,0.350697309
Indonesia,IDN,GDP per capita growth (annual %),NY.GDP.PCAP.KD.ZG,,-0.709500929,3.412714204,2.192246975,3.073967172,3.387699837,3.702070327,4.368418667,4.139035441,4.959048418,4.642173598,3.306903941,4.902728579,4.844905701,4.70670292,4.284778457,3.796140768,3.717745469,3.926698091,4.017625608,4.162984291,4.039135657,-2.885094093,2.984940073,4.639208604,4.278686854
IDA only,IDX,GDP per capita growth (annual %),NY.GDP.PCAP.KD.ZG,,1.274848531,1.689670419,1.345037705,1.49798332,2.22109996,3.338929997,3.687133809,3.798985016,3.765320498,3.519931748,1.947706723,4.031730836,1.425966548,0.184800484,2.734707658,3.134125273,0.872327926,2.022298908,2.863016025,2.394080715,2.55356593,-2.539835086,1.419854888,2.082181534,1.709122271
Isle of Man,IMN,GDP per capita growth (annual %),NY.GDP.PCAP.KD.ZG,,12.26709809,4.054161006,4.246639006,5.119876943,4.971810979,4.213214051,4.915875436,6.608607939,6.344143261,3.752455348,0.969592019,2.273832959,1.368772356,7.319157998,4.381969242,5.465942617,-0.024795387,7.135577227,2.677803976,1.975478369,0.066153602,-8.959386465,3.57042617,,
India,IND,GDP per capita growth (annual %),NY.GDP.PCAP.KD.ZG,,6.851333406,1.965952437,2.945319361,1.975907984,6.016520564,6.132606167,6.206011032,6.426044713,6.093625781,1.630780589,6.371709388,7.013174581,3.818074312,4.060822384,5.014611864,6.086180227,6.721067631,6.980989701,5.568333514,5.302408679,2.811873102,-6.673470547,8.818605843,6.26159949,6.721381414
Not classified,INX,GDP per capita growth (annual %),NY.GDP.PCAP.KD.ZG,,,,,,,,,,,,,,,,,,,,,,,,,,
Ireland,IRL,GDP per capita growth (annual %),NY.GDP.PCAP.KD.ZG,,9.29088015,7.954806484,3.642469997,4.129755481,1.34938713,4.853457577,3.460940594,2.19518969,2.309231046,-6.41164597,-6.054811966,1.130424127,0.84005622,-0.551990987,0.643273343,8.036357886,23.30469344,0.623252101,8.127668762,7.134773397,3.867450639,5.525612348,14.03228635,7.426581778,-5.686002918
"Iran, Islamic Rep.",IRN,GDP per capita growth (annual %),NY.GDP.PCAP.KD.ZG,,0.399560305,4.118203285,0.656119718,7.031760152,7.635981934,2.66427558,1.541710037,3.389399166,6.594952906,-1.115078982,-0.357484605,4.32247152,1.342708537,-4.968909478,-2.945922311,3.011764287,-3.629417164,6.835675353,1.300705004,-3.113491709,-4.130578795,2.470892267,3.965568691,3.041658503,4.219866491
Iraq,IRQ,GDP per capita growth (annual %),NY.GDP.PCAP.KD.ZG,,13.79503917,13.08522292,-1.42758351,-11.0994372,-38.56171996,49.03163746,-1.303074172,4.890020687,2.755518604,6.163087815,-0.274959244,3.081542552,3.848929643,8.9355065,2.722580156,-3.25142072,1.917912089,11.02301619,-4.10746397,0.182367803,3.044174773,-14.09023465,-0.774861849,5.311371462,-5.086627259
Iceland,ISL,GDP per capita growth (annual %),NY.GDP.PCAP.KD.ZG,,2.784468611,3.557391044,2.64000021,-0.334077504,1.43779619,6.860105685,4.457828851,3.850348692,5.745281288,0.3264001,-7.978362405,-2.692847708,1.535147199,0.527304433,3.568175782,0.562209389,3.354145333,4.838299214,1.779410135,2.11737324,-0.354233393,-8.438698011,3.439046758,6.178393262,0.997671254
Israel,ISR,GDP per capita growth (annual %),NY.GDP.PCAP.KD.ZG,,0.732468717,5.837794335,-2.003265992,-2.105855183,-0.420346477,2.948546298,2.314386184,3.732572582,4.166582438,1.433022938,-1.499605866,3.755737023,3.628203129,0.711105773,2.485120083,1.943377094,0.475269155,2.492643711,2.27442978,2.084470629,2.186673573,-3.573037419,6.800515639,4.752677355,-0.085406983
Italy,ITA,GDP per capita growth (annual %),NY.GDP.PCAP.KD.ZG,,1.608634731,3.739946533,1.894123995,0.104759514,-0.305508789,0.769317663,0.323656244,1.48515736,0.975922133,-1.615940627,-5.711508383,1.400915343,0.53428744,-3.24206012,-2.9724038,-0.91781388,0.875477402,1.465690444,1.820333852,1.11781662,1.648503393,-8.529728276,8.870129659,4.325953928,1.228599088
Jamaica,JAM,GDP per capita growth (annual %),NY.GDP.PCAP.KD.ZG,,0.28078807,0.263360854,0.835387962,1.500921685,3.166448471,0.829396049,0.409882445,2.409546701,0.997833755,-1.183120223,-4.732783354,-1.871482683,1.275729482,-1.105126996,0.035165569,0.277089053,0.56387602,1.076815428,0.792818277,1.764583024,0.822801591,-10.13312674,4.33290129,5.233354299,2.26636117
Jordan,JOR,GDP per capita growth (annual %),NY.GDP.PCAP.KD.ZG,,1.168110679,2.072647111,3.085660646,3.533557053,1.83400589,5.892371284,5.363938739,1.029509647,1.526821449,4.643426869,2.737209654,0.089336918,0.154698042,0.982324096,-3.830179273,-8.117479488,-6.53100718,-2.820745287,-0.041500685,-0.463136174,-0.520071102,-3.184434192,1.614221543,1.179327547,2.152212807
Japan,JPN,GDP per capita growth (annual %),NY.GDP.PCAP.KD.ZG,,-0.51574059,2.592891087,0.14451169,-0.190392014,1.318091962,2.151723329,1.794339801,1.308127183,1.367422326,-1.272109949,-5.68145234,4.079223048,0.209251803,1.536786659,2.152371066,0.429381123,1.668465117,0.805362825,1.758611802,0.771168471,-0.262170829,-3.86470967,3.032130828,1.403822375,2.421011183
Kazakhstan,KAZ,GDP per capita growth (annual %),NY.GDP.PCAP.KD.ZG,,3.685600854,10.13011649,13.69319315,9.795470244,8.932922844,8.841019375,8.72919995,9.53532792,7.661443135,1.383236316,-0.786442204,5.794225114,5.873507663,3.334056066,4.485117032,2.67672093,-0.268267117,-0.327514634,2.693432136,2.740536373,3.161011541,-3.757983451,1.93213881,0.868329715,3.699415
Kenya,KEN,GDP per capita growth (annual %),NY.GDP.PCAP.KD.ZG,,-0.520692989,-2.290893714,0.6837186,-2.457538571,-0.077112603,2.00869288,2.80072342,3.351889774,3.728256743,-2.709449404,0.293173947,5.0563909,2.366419735,1.960400987,1.326292507,2.63818993,2.683317425,1.943668144,1.603146616,3.522084435,3.05495785,-2.256979503,5.520436304,2.863571211,3.372619514
Kyrgyz Republic,KGZ,GDP per capita growth (annual %),NY.GDP.PCAP.KD.ZG,,2.126778706,4.194824154,4.326996486,-0.930865799,5.914001598,5.739479911,-1.295074862,2.000426385,7.512743475,7.376440482,1.651651396,-1.65175287,4.674715617,-1.738142583,8.735789271,1.957996976,1.758864407,2.23180527,2.73409189,1.713209117,2.439335198,-8.894546883,2.492922237,5.819509918,4.269285563
Cambodia,KHM,GDP per capita growth (annual %),NY.GDP.PCAP.KD.ZG,,10.52753237,7.998303817,6.225701101,4.681941841,6.588832576,8.402156269,11.28191678,8.870931466,8.307936609,4.938643121,-1.411180716,4.430149205,5.524175204,5.769286083,5.831860524,5.655376849,5.531684684,5.516206231,5.60387546,6.164475986,5.848619694,-4.213653755,1.832958017,4.117490695,4.299126282
Kiribati,KIR,GDP per capita growth (annual %),NY.GDP.PCAP.KD.ZG,,-5.43976979,4.931999983,-4.998147613,-0.416542474,-3.597296537,-2.53295589,-0.899100899,3.946224634,1.141666428,-4.821495891,-1.412167464,-0.849491331,1.76753197,4.196879689,5.768988551,-0.187033166,9.796382016,5.590360705,1.955425012,1.818230099,1.664810717,-2.386798247,6.67591551,1.991435468,2.502511756
St. Kitts and Nevis,KNA,GDP per capita growth (annual %),NY.GDP.PCAP.KD.ZG,,1.849761884,8.503308049,4.051821918,0.758597297,-4.278920976,3.66368338,9.392290815,2.822493526,0.298896809,10.84609578,-3.64493844,-0.202950713,1.236460689,-0.830060524,5.621301762,7.316135222,0.692028515,3.937052933,0.227233139,2.054782478,2.936874608,-15.23008275,0.555661813,10.40457357,3.218896971
"Korea, Rep.",KOR,GDP per capita growth (annual %),NY.GDP.PCAP.KD.ZG,,10.67745058,8.15268966,4.051006403,7.10433311,2.614039827,4.781286153,4.087645147,4.712927655,5.266361146,2.23375226,0.27526898,6.274019889,2.891411994,1.865599496,2.696150961,2.556219509,2.268429401,2.539144729,2.870196962,2.462246216,1.8889146,-0.846212238,4.439121293,2.805237629,1.278235243
Kuwait,KWT,GDP per capita growth (annual %),NY.GDP.PCAP.KD.ZG,,-4.816954704,1.584750206,-2.643265205,0.212209154,14.30329986,7.579610785,6.555496616,1.691601457,-0.069993092,-3.093224705,-11.88321807,-7.273189377,2.637949669,-1.252560849,-5.836885934,-2.573382874,-3.194412944,-0.616815086,-6.486789108,-2.128278158,-1.447268858,-3.521855322,4.337624356,5.671842217,-3.165462622
Latin America & Caribbean (excluding high income),LAC,GDP per capita growth (annual %),NY.GDP.PCAP.KD.ZG,,-0.988161925,2.108125677,-1.235975759,-0.995365745,1.076757699,3.946568377,2.708253573,4.001336982,4.122463847,2.583800456,-3.471729185,5.562020209,3.247092995,1.229559731,1.655785912,0.227977043,-0.745432566,-1.509028253,0.943726327,0.466356053,-0.385078408,-7.386576299,6.004618112,3.164305299,1.432297317
Lao PDR,LAO,GDP per capita growth (annual %),NY.GDP.PCAP.KD.ZG,,5.434884082,4.02996037,4.049069614,4.28646058,4.520220402,4.899154764,5.555699296,6.909167407,5.909235649,6.164034788,5.878548895,6.922399324,6.474243138,6.491281437,6.521646657,6.153133053,5.753411005,5.408586405,5.26492844,4.646555619,3.892447903,-0.970941438,1.069380318,1.283090293,2.328154178
Lebanon,LBN,GDP per capita growth (annual %),NY.GDP.PCAP.KD.ZG,,-2.192908425,-0.314587225,2.217724493,2.086572103,1.894804406,5.04735158,1.176425451,-0.103294009,7.270960976,7.328414068,8.817900667,7.009782776,-0.117450319,-0.075040322,-5.323150939,-7.242590982,-1.493847611,3.831447224,3.370037953,0.727150842,-4.195225512,-19.74842848,-5.832366777,1.240929472,2.382699569
Liberia,LBR,GDP per capita growth (annual %),NY.GDP.PCAP.KD.ZG,,15.17295717,23.93009997,-0.062901594,1.086353995,-30.70154026,1.394829409,0.643907293,2.131757344,4.187985345,2.865766866,2.032935244,3.067501274,4.029352554,4.23948281,6.341040745,-1.35044827,-2.033029839,-3.51645551,0.521366332,-0.76155482,-4.343455886,-4.933202273,2.847282103,2.648469771,2.475181183
Libya,LBY,GDP per capita growth (annual %),NY.GDP.PCAP.KD.ZG,,-0.784811655,1.732474527,-4.018195927,-3.330060348,10.21614507,1.799903268,8.988266772,4.08675178,4.07289899,-2.265012643,-6.381578806,2.895038531,-47.89998601,96.9564199,-19.57835721,-24.46316147,-2.355436924,-2.901590108,30.49630138,6.282836896,-7.301237168,-58.84977471,150.4314713,0.189791959,-2.758113083
St. Lucia,LCA,GDP per capita growth (annual %),NY.GDP.PCAP.KD.ZG,,1.761686848,-0.731568959,-4.066068483,-0.331402231,3.466545683,6.488892492,-1.100988221,5.503747356,1.055431321,4.290649397,-3.465681546,-0.401906063,3.593633091,-0.673631773,-2.486049039,1.040958585,-0.364700301,2.964702146,2.941982324,2.467453858,-1.040589734,-24.77986836,11.97127975,17.94014185,2.96445306
Latin America & Caribbean,LCN,GDP per capita growth (annual %),NY.GDP.PCAP.KD.ZG,,-0.830344821,2.106001969,-0.954117755,-0.894301433,1.126433205,4.108755617,2.654572817,3.882210675,3.973438227,2.487188746,-3.344258879,5.280155548,3.23219727,1.437389434,1.662358827,0.281315931,-0.617142609,-1.331558253,0.904721333,0.64574671,-0.165865994,-7.401062371,6.270555078,3.305264688,1.407360702
Least developed countries: UN classification,LDC,GDP per capita growth (annual %),NY.GDP.PCAP.KD.ZG,,1.538560727,1.862533791,2.39897603,2.611650394,2.315028497,3.789784787,4.829822404,4.316724737,4.794720332,4.020345146,1.84486522,3.741948404,0.744361205,0.67166574,3.164578622,3.084187165,0.252299495,1.192261342,1.965281559,2.083946656,2.530414522,-2.446237794,0.357165441,2.247667015,1.379165167
Low income,LIC,GDP per capita growth (annual %),NY.GDP.PCAP.KD.ZG,,-0.116049725,0.501614882,1.583097358,1.770198016,1.743348301,3.137470842,3.557201159,2.79753883,3.017694488,2.561565427,1.22487565,3.990873333,-2.015862339,-5.814173569,0.711185615,1.840975244,-3.041183898,-0.624453164,0.309217782,0.642655033,1.35933318,-2.408200445,-0.640649327,1.013102913,0.262179842
Liechtenstein,LIE,GDP per capita growth (annual %),NY.GDP.PCAP.KD.ZG,,8.972178993,1.935644564,-1.774062543,-1.925416916,-2.823011442,2.137954854,3.910153266,7.754359469,2.55873516,1.076320161,-1.916637781,,,,,,,,,,,,,,
Sri Lanka,LKA,GDP per capita growth (annual %),NY.GDP.PCAP.KD.ZG,,3.688197516,5.401847092,-2.294234966,2.928701395,4.88393321,4.432015792,5.251172269,6.601725541,5.690761335,4.869008445,2.543916271,7.043494488,7.67349357,7.818600932,3.487417146,5.838557631,3.731046585,4.618234851,6.058144821,1.539633134,-0.829146714,-5.129263121,3.092791349,-7.451192989,-1.65961513
Lower middle income,LMC,GDP per capita growth (annual %),NY.GDP.PCAP.KD.ZG,,3.277963898,2.149681734,2.299808404,2.528798753,3.987236166,5.14146823,4.825087066,5.131280406,5.096279363,2.865366196,4.216322688,5.086548598,3.015964018,3.465764965,3.98052648,4.430423991,4.318317591,4.109388563,3.897155941,3.916412171,2.596873947,-4.919979211,5.248015742,4.516768629,3.942992539
Low & middle income,LMY,GDP per capita growth (annual %),NY.GDP.PCAP.KD.ZG,,2.001482837,3.892271054,2.044130238,3.156396788,4.309230392,6.104759255,5.789137305,6.701211567,7.353109905,4.478220144,2.563709004,6.682876226,4.913109227,4.009724491,4.149858069,3.735112726,3.351340487,3.397709573,3.975234848,3.666263205,2.815157749,-2.336242822,6.279029378,2.901534003,3.476223847
Lesotho,LSO,GDP per capita growth (annual %),NY.GDP.PCAP.KD.ZG,,0.042529375,3.647539579,3.517919122,0.821608379,4.79606926,2.084006167,3.882618807,4.264051552,3.836762854,4.912551789,-1.949444951,4.563031942,3.849892529,5.452191866,0.849125517,0.676425998,1.990905886,2.383745829,-4.33164643,-2.708754074,-2.644232941,-8.624586965,0.631493186,0.214985321,-0.162348567
Late-demographic dividend,LTE,GDP per capita growth (annual %),NY.GDP.PCAP.KD.ZG,,3.741840789,6.177275278,4.435262337,5.274381501,6.130003618,7.492217002,7.054314051,8.585349464,9.510355916,6.23228558,3.036877555,7.376213957,6.512849069,5.051380629,4.843018901,4.491013369,4.028621064,3.826213697,4.640984255,4.852415293,4.170049548,-0.141376605,7.220549162,3.082420996,4.122561349
Lithuania,LTU,GDP per capita growth (annual %),NY.GDP.PCAP.KD.ZG,,-0.437687209,4.427475848,7.407519796,7.611827256,11.46771748,7.773001207,9.501044182,9.142617037,12.43525018,3.675240926,-13.88775336,3.80531559,8.461109064,5.246002459,4.603327729,4.431087654,2.988912971,3.829841264,5.751046557,4.990353856,4.943100002,-0.051369085,6.058770896,1.325924176,-1.733166237
Luxembourg,LUX,GDP per capita growth (annual %),NY.GDP.PCAP.KD.ZG,,6.723966803,5.510409395,1.854574681,2.149609899,1.379893359,2.760888181,0.926765761,4.339108315,6.442031366,-2.066473902,-5.014263013,1.88354731,-1.176797867,-0.76218341,0.814652309,0.232564441,-0.115476306,2.739791802,-1.116112962,-0.714325922,0.915465846,-2.547346107,5.553502169,-0.643838258,-3.389021906
Latvia,LVA,GDP per capita growth (annual %),NY.GDP.PCAP.KD.ZG,,3.595982831,6.699312556,7.705567734,8.339575284,9.475740936,9.472336538,11.92326602,13.0036481,10.8429125,-2.226965766,-12.83280312,-2.446157683,4.458446915,8.378223797,3.106379396,2.866362594,4.739182606,3.308434398,4.232116165,4.803913925,1.2892627,-2.834852807,7.635604104,3.234499022,-0.407971326
"Macao SAR, China",MAC,GDP per capita growth (annual %),NY.GDP.PCAP.KD.ZG,,-3.905291991,4.185004042,1.195327285,6.357050092,8.534705566,23.16959071,5.180369183,10.39781813,11.48514687,0.712351553,-1.333447935,21.9173913,18.69743789,7.037234564,8.772805407,-3.798138794,-22.92684929,-2.493524397,7.809255426,4.381327289,-4.422537421,-55.18868118,21.67805428,-22.36988625,78.23160988
St. Martin (French part),MAF,GDP per capita growth (annual %),NY.GDP.PCAP.KD.ZG,,,,,,,,,,,,,,,,,,1.695059966,5.630404183,-7.159905867,-6.249788193,8.850521516,-10.97326128,6.886493342,,
Morocco,MAR,GDP per capita growth (annual %),NY.GDP.PCAP.KD.ZG,,0.274059233,1.192450941,6.287009011,2.379860196,4.849033962,3.242485234,1.807751169,6.354410684,2.084644631,4.308112336,2.393913413,2.12270681,4.084761296,1.644006655,2.699634636,1.357613203,3.022429876,-0.722002651,3.792277024,1.899445896,1.802657182,-8.163965286,6.880731334,0.215470438,
Monaco,MCO,GDP per capita growth (annual %),NY.GDP.PCAP.KD.ZG,,2.710598874,3.682980562,2.253877057,1.207423717,1.306503439,2.72478491,2.176796264,6.223688563,15.11470228,0.616304621,-12.80946146,-0.325058941,4.604147668,-1.185598308,7.33451797,5.153709867,3.009249664,2.100307102,-2.973453936,5.82319716,7.069003159,-12.74721946,22.65134046,11.75788118,
Moldova,MDA,GDP per capita growth (annual %),NY.GDP.PCAP.KD.ZG,,-3.216413267,2.315585605,6.337532694,8.049932249,6.900611284,7.666087053,7.761886245,5.091668016,3.238946836,8.005391955,-5.881237715,7.206974611,5.879385123,-0.576700868,9.073075577,5.06366581,0.429158888,5.870175764,5.990411998,5.920367182,5.22280985,-7.263269768,15.65579761,-2.886191445,2.890705791
Madagascar,MDG,GDP per capita growth (annual %),NY.GDP.PCAP.KD.ZG,,1.504842314,1.329252746,2.851923167,-14.96403254,6.611220265,2.220747562,1.737859559,2.358459366,2.661748381,3.650496503,-6.72284484,-2.223525815,-1.226482202,0.238846841,-0.39648459,0.659691221,0.497287786,1.338346026,1.281905439,0.592066853,1.807532125,-9.414529772,3.214662665,1.356337414,1.537040115
Maldives,MDV,GDP per capita growth (annual %),NY.GDP.PCAP.KD.ZG,,4.528299358,2.229899186,-5.554023653,5.448063722,11.85871867,4.097093941,-12.63512668,20.70319426,3.589724536,5.176491364,-11.3558498,3.130837076,4.842361092,-1.096195197,3.44280818,3.659654555,-0.526273219,2.192060201,2.932716516,4.825914442,4.161318191,-34.203864,35.83387283,13.39997699,4.524767366
Middle East & North Africa,MEA,GDP per capita growth (annual %),NY.GDP.PCAP.KD.ZG,,-0.089723185,4.581469153,-0.532081465,-0.379466192,3.123302681,5.718058094,2.782891834,3.509886237,2.699277862,2.109585192,-1.740616893,2.77286129,1.691328897,1.913279548,0.077550157,0.718841732,0.629204043,2.404464914,0.179110579,0.461847567,-0.363047292,-5.376039793,4.224798376,4.225268611,0.254145145
Mexico,MEX,GDP per capita growth (annual %),NY.GDP.PCAP.KD.ZG,,1.083036835,3.378157662,-1.974060891,-1.74197266,-0.308351809,2.05451828,0.663910241,3.388757095,0.743081226,-0.328086086,-7.447001353,3.588002729,1.9777285,2.117022962,-0.467572587,1.239079953,1.510744661,0.625682747,0.777009686,1.006248819,-1.105758272,-9.286667497,5.149332661,3.297617939,2.464144313
Marshall Islands,MHL,GDP per capita growth (annual %),NY.GDP.PCAP.KD.ZG,,-2.562660755,1.717535942,6.558626145,3.477950076,-1.556281232,-0.58646772,1.968266129,0.458109512,3.741620283,-7.265300221,4.12970654,5.79617437,0.62411725,0.143055384,5.32747072,0.671504268,4.185510711,4.429005844,6.244320152,8.411602098,13.46910702,0.096858827,4.389734103,0.473769941,2.176434712
Middle income,MIC,GDP per capita growth (annual %),NY.GDP.PCAP.KD.ZG,,2.120285657,4.034892989,2.128405395,3.28513247,4.472557727,6.270574752,5.943566289,6.904399686,7.568096126,4.636195893,2.709271435,6.86170012,5.175328395,4.313529681,4.313395199,3.869284049,3.570401722,3.588481598,4.16823419,3.857524973,2.995835076,-2.177042693,6.562275926,3.118100075,3.710971426
North Macedonia,MKD,GDP per capita growth (annual %),NY.GDP.PCAP.KD.ZG,,3.841473894,4.074050806,-3.473683221,2.233456599,2.092822453,5.013574068,5.291020123,5.719202235,7.083139312,6.084024713,0.287981674,4.021717498,2.810014014,-0.065347234,3.305596704,3.907927558,4.134290505,3.178225747,1.489367186,3.403754111,4.618695011,-3.654368238,5.592130079,2.523172779,2.127577916
Mali,MLI,GDP per capita growth (annual %),NY.GDP.PCAP.KD.ZG,,2.829985286,-2.92505023,11.94275813,-0.075353262,5.675366396,-1.703987426,3.070878165,1.258937886,0.13197525,1.387504193,1.449217496,1.946519231,-0.072193463,-3.688613712,-0.648802878,3.74263871,2.882860607,2.528448295,1.972295116,1.473176725,1.531457069,-4.29096596,-0.15090208,0.32124413,2.073620327
Malta,MLT,GDP per capita growth (annual %),NY.GDP.PCAP.KD.ZG,,4.100967967,18.9114916,-1.914199223,1.803475664,3.391785051,-0.530048461,2.726684444,2.137339982,4.409935138,3.153000289,-1.876429626,5.026498887,0.042271314,3.185667141,4.002804766,5.505675834,7.023412441,1.042315636,7.874134262,3.730076267,2.994533834,-10.16533462,11.81873086,5.516260668,1.394632143
Myanmar,MMR,GDP per capita growth (annual %),NY.GDP.PCAP.KD.ZG,,9.650855735,12.50528018,10.19100463,10.9038081,12.76664647,12.57111093,12.6503342,12.22064491,11.16529878,9.613091444,9.904177102,8.801704962,4.735770715,6.427164182,7.505154627,7.271671975,6.137642786,5.029320538,5.332314339,5.506798087,5.827195844,-9.700371226,-12.62947666,3.305454134,0.264419339
Middle East & North Africa (excluding high income),MNA,GDP per capita growth (annual %),NY.GDP.PCAP.KD.ZG,,2.286231526,3.963093732,0.769832637,1.298790282,0.480069365,5.672313249,2.461380354,3.279431377,4.020632219,1.765310278,0.607664951,3.321734937,-2.769654846,1.67633663,-1.498732526,-0.219407428,-1.24375117,3.507842304,1.396385863,0.088030874,-0.604906581,-5.923515281,4.636484098,2.865728875,1.170482093
Montenegro,MNE,GDP per capita growth (annual %),NY.GDP.PCAP.KD.ZG,,-9.151670806,3.27911916,0.693867402,1.496373122,2.074413797,4.241154432,4.026604843,8.43155401,6.662736076,7.032626846,-5.996977486,2.54625316,3.120074956,-2.80561175,3.447965787,1.68499388,3.332384578,2.925458009,4.704687527,5.102544398,4.096236943,-15.20847458,13.42592848,6.751132807,6.160094307
Mongolia,MNG,GDP per capita growth (annual %),NY.GDP.PCAP.KD.ZG,,2.079768105,0.217912168,2.052426386,3.808667738,6.076081854,9.688471017,6.360770203,7.631553623,9.215579511,7.732594991,-2.483936684,4.955877994,15.52034785,10.37252931,9.576792344,5.741883999,0.241383712,-0.681209924,3.368742242,5.430572573,3.366368427,-6.351240605,0.014148862,3.469318706,5.508190316
Northern Mariana Islands,MNP,GDP per capita growth (annual %),NY.GDP.PCAP.KD.ZG,,,,,,3.757283316,0.595458059,-9.069360845,-2.69153419,-2.229133624,-6.598961174,-13.27390018,6.961870699,-4.620922764,1.120796497,3.110271267,4.750104326,4.069818527,30.17490099,24.15164944,-18.58678216,-10.52748296,-29.29654692,,,
Mozambique,MOZ,GDP per capita growth (annual %),NY.GDP.PCAP.KD.ZG,,9.142481576,-1.675790975,10.05087156,6.886571914,4.469423433,5.415544312,3.594126013,7.128624733,4.894795796,4.113520063,3.138295809,3.734313551,4.037785691,4.787472359,3.346551855,4.447452011,4.174322974,1.471585754,-0.497934417,0.47984361,-0.593438075,-4.04764248,-0.491286747,1.53490339,2.125970864
Mauritania,MRT,GDP per capita growth (annual %),NY.GDP.PCAP.KD.ZG,,0.899578376,-6.570241932,-3.199567182,-0.769955527,4.642977928,2.484641991,6.195377661,15.68831613,-4.216302129,-2.791810344,-2.59179346,-0.286151376,1.075369447,1.256022431,1.177738177,1.55574229,2.62469076,-1.379893045,3.508415554,2.056475375,0.479174166,-2.902359819,-1.79758696,3.665315888,0.68681786
Mauritius,MUS,GDP per capita growth (annual %),NY.GDP.PCAP.KD.ZG,,1.314748667,7.144715947,2.534262853,0.911910217,5.161670448,3.677809302,1.176699087,4.377586821,5.246496965,5.006539055,3.041100463,4.129198848,3.911001241,3.209499479,3.110405554,3.639190074,3.553356966,3.791130707,3.844308006,3.950035487,2.858125324,-14.54849559,3.377668734,9.208545533,7.077980403
Malawi,MWI,GDP per capita growth (annual %),NY.GDP.PCAP.KD.ZG,,0.774662869,-0.734438443,-7.201513387,-0.765413093,3.051911234,2.673770866,0.481251643,1.805541112,6.537022522,4.586639769,5.225686822,3.828046255,1.969743395,-0.945888195,2.492866286,2.720274217,0.002403032,-0.248244189,1.234158599,1.625495537,2.656769068,-1.85159978,0.102866904,-1.626552694,-1.01408252
Malaysia,MYS,GDP per capita growth (annual %),NY.GDP.PCAP.KD.ZG,,3.489407143,6.123798091,-2.032856646,2.772073577,3.23580564,4.28032987,2.933685374,3.25134638,4.0106155,2.665386035,-3.443342806,5.552518522,3.611173397,3.780489334,3.044894403,4.373135962,3.527534436,2.933762254,4.325630335,3.472766705,3.124896133,-6.584453331,2.147311281,7.483918118,2.561224365
North America,NAC,GDP per capita growth (annual %),NY.GDP.PCAP.KD.ZG,,3.652594661,3.027708681,0.025732794,0.845609431,1.834049714,2.830648312,2.509545486,1.783212463,1.040655895,-0.774909292,-3.480162633,1.847200718,0.925271565,1.460814498,1.39191177,1.772950911,2.004986975,0.981761507,1.798970196,2.313288183,1.85253729,-3.386495377,5.55192308,1.551804358,1.664395311
Namibia,NAM,GDP per capita growth (annual %),NY.GDP.PCAP.KD.ZG,,0.909031039,1.167402282,-0.852856889,3.00625105,2.775863071,10.88132097,1.303893632,5.79615006,4.067851327,1.287225303,-1.12835556,4.455584222,3.461548583,3.358859474,3.840189584,4.271919367,2.450710978,-1.716337978,-2.75101363,-0.668554265,-2.499398215,-9.668821206,1.922803831,3.836895946,2.673684115
New Caledonia,NCL,GDP per capita growth (annual %),NY.GDP.PCAP.KD.ZG,,-0.997607643,0.177142842,,,,,,,,,,,,,,,,,,3.857644611,-1.425446101,-2.34239339,-1.850171971,3.951730026,
Niger,NER,GDP per capita growth (annual %),NY.GDP.PCAP.KD.ZG,,-3.564826076,-4.533605699,3.623725288,1.338057375,-1.347906202,-3.135822013,3.548889451,2.170619108,-0.545362453,3.846700363,-1.742225191,4.602067048,-1.406346266,6.415644393,1.36978213,2.68508978,0.471154424,1.729851533,1.06279579,3.226622468,2.024915763,-0.237758332,-2.306300509,7.821354994,-1.248643662
Nigeria,NGA,GDP per capita growth (annual %),NY.GDP.PCAP.KD.ZG,,-1.941105546,2.317774901,3.146424683,12.27613907,4.495155883,6.34504073,3.609660614,3.238342572,3.741687355,3.899943183,5.130161875,5.081874855,2.437007237,1.403508779,3.832366181,3.552162299,0.076961617,-4.052706362,-1.709873092,-0.590389271,-0.263456378,-4.162059291,1.182828223,0.823296498,0.441156422
Nicaragua,NIC,GDP per capita growth (annual %),NY.GDP.PCAP.KD.ZG,,5.439379118,2.611272822,1.581981871,-0.515149316,1.287031679,4.077238038,2.97367735,2.738080275,3.620915136,1.974635896,-4.680508875,2.892373918,4.764208456,4.941011884,3.403983293,3.278752506,3.296628126,3.079609173,3.157348612,-4.712051831,-4.232565457,-3.092828014,8.791363353,2.291174249,3.116594585
Netherlands,NLD,GDP per capita growth (annual %),NY.GDP.PCAP.KD.ZG,,4.337374446,3.453538256,1.557458129,-0.42036774,-0.315789835,1.63118807,1.812699193,3.29494984,3.547359498,1.773356664,-4.161038495,0.824259853,1.078628274,-1.395919336,-0.424178694,1.059101254,1.508266184,1.649315547,2.304284733,1.764937264,1.289889121,-4.418555509,5.637405329,3.339098099,-0.883533871
Norway,NOR,GDP per capita growth (annual %),NY.GDP.PCAP.KD.ZG,,1.375486802,2.650530907,1.551927584,0.832308717,0.354567463,3.401746154,1.988138461,1.639570085,1.854643317,-0.762647958,-3.169256285,-0.460631256,-0.197405953,1.377640901,-0.197883222,0.90376265,0.848799124,0.277407784,1.639507145,0.165530155,0.44342928,-1.857696109,3.354495074,2.084381901,-0.623432003
Nepal,NPL,GDP per capita growth (annual %),NY.GDP.PCAP.KD.ZG,,2.51043274,4.399652801,3.134541935,-1.366341194,2.525547293,3.39014333,2.37236984,2.453080461,2.657916639,5.441961369,3.970721481,4.296893272,3.024179551,4.423907168,3.332856101,5.70053324,3.417884303,-0.471182004,7.731269077,6.401863283,5.451916544,-4.086568592,2.442379732,3.858812084,0.800881695
Nauru,NRU,GDP per capita growth (annual %),NY.GDP.PCAP.KD.ZG,,-6.622181537,-6.802337033,-6.635056807,-9.866985071,0.352538799,-4.231512704,-7.691299043,-8.297334948,-4.400415873,76.02122092,-5.463261561,-0.078117371,14.23737637,22.44191242,1.689549396,13.23673684,1.153483183,1.83780784,-8.313291647,-2.859778598,6.68599818,0.065408998,6.063873094,0.892181739,-0.17831559
New Zealand,NZL,GDP per capita growth (annual %),NY.GDP.PCAP.KD.ZG,,4.823679152,2.267931814,2.803873416,2.910489655,2.682342356,2.552719084,2.193177,1.534309134,2.093530832,-2.074169774,-1.046182989,0.323080777,1.46473713,1.730225188,1.973649321,2.045181506,1.643331576,1.444064998,1.25999864,1.66207789,0.746110188,-2.596301566,4.114669405,2.656345898,-1.408108094
OECD members,OED,GDP per capita growth (annual %),NY.GDP.PCAP.KD.ZG,,2.658635872,3.342321527,0.656108071,0.777230124,1.28252597,2.507931454,2.080948221,2.270559056,1.844462604,-0.378165724,-4.068722823,2.294789224,1.357048816,0.778096866,0.980281936,1.525019462,1.866803987,1.206582449,1.971064659,1.741277923,1.262175975,-4.477245182,5.524312098,2.368471215,1.113074422
Oman,OMN,GDP per capita growth (annual %),NY.GDP.PCAP.KD.ZG,,-1.094690219,5.112373655,3.145227232,-2.294363742,-3.78700569,-0.236292802,0.602059373,3.501312332,2.64675892,6.350043702,4.282881719,-4.793398139,-7.531825013,-1.25807375,-2.522385747,-3.573368028,0.444638517,0.119161082,-2.871323812,-0.018356673,-1.163316683,-2.11716851,3.615164617,3.038743644,-0.185043399
Other small states,OSS,GDP per capita growth (annual %),NY.GDP.PCAP.KD.ZG,,1.172786757,5.454029278,1.840732255,2.046003322,3.135540296,3.387235786,3.254319808,4.659604343,4.592022073,0.385579262,-5.092390598,1.431450843,2.0788033,0.58403079,0.456008342,1.03117102,1.923578154,2.513893549,3.349668261,2.67949349,2.986863766,-6.411469012,5.892710064,3.415943378,1.433439551
Pakistan,PAK,GDP per capita growth (annual %),NY.GDP.PCAP.KD.ZG,,0.739013701,1.102322127,0.495411848,0.052876798,3.118745379,5.447802213,4.985829705,3.849318916,2.2318834,-0.080584206,1.191497907,-0.759129914,0.535424529,1.191726852,2.775116261,2.659526508,2.875424595,5.298324299,3.05478922,4.532445206,0.862674222,-2.97029465,4.578160431,2.802691093,-1.942837661
Panama,PAN,GDP per capita growth (annual %),NY.GDP.PCAP.KD.ZG,,1.871325225,0.709780771,-1.37388223,0.264941437,2.220107149,5.476505033,5.162896826,6.629931853,9.926765854,7.854774286,-0.579348338,3.950866685,9.350391874,7.84339404,5.038254681,3.249830137,3.907928881,3.148432759,3.793677976,1.963037727,1.640187518,-18.85438223,14.32179319,9.368782853,5.887532159
Peru,PER,GDP per capita growth (annual %),NY.GDP.PCAP.KD.ZG,,-0.183045689,1.144772992,-0.724689715,4.220570171,3.075842181,3.94011216,5.328379247,6.643046878,7.686264095,8.34694304,0.387889021,7.516169673,5.432110096,5.169761905,4.8333478,1.319201257,2.048956732,2.547867082,0.985513944,2.037249793,0.306641969,-12.21668659,11.97435919,1.7174899,-1.427735046
Philippines,PHL,GDP per capita growth (annual %),NY.GDP.PCAP.KD.ZG,,0.964850758,2.094018889,0.890742891,1.598835281,2.987189615,4.472464559,2.930610289,3.350809008,4.545525134,2.41093433,-0.401300433,5.418030308,2.024219918,5.049330147,4.964801339,4.642336027,4.587218251,5.265571276,5.064393253,4.548700918,4.376525551,-10.97819414,4.146514169,6.018194837,3.946203782
Palau,PLW,GDP per capita growth (annual %),NY.GDP.PCAP.KD.ZG,,-7.977318609,-4.31225908,5.952527071,4.894523885,-3.364507543,3.798080472,3.810311624,0.955525159,3.083331129,-4.187810943,-5.900999393,0.632899998,6.847198385,2.912236446,-2.26843048,5.347705876,9.760748875,0.757876996,-3.653175183,0.48140101,0.616587252,-7.856035407,-14.41169144,-0.533364115,0.431742859
Papua New Guinea,PNG,GDP per capita growth (annual %),NY.GDP.PCAP.KD.ZG,,-1.638768931,-5.803412968,-3.454827001,-3.447749165,-1.163395423,-0.579036527,2.979565512,2.119541159,4.499463701,-3.326428164,3.594445214,6.869897321,-1.785403722,1.7897666,1.066371766,10.6123177,3.902031266,2.917343102,1.085312169,-2.571319961,2.145463386,-5.224817586,-2.772782439,3.16201888,0.819102071
Poland,POL,GDP per capita growth (annual %),NY.GDP.PCAP.KD.ZG,,4.66358145,5.658674595,1.286507642,2.083135916,3.568268652,5.044290879,3.552334782,6.198413684,7.119690211,4.185772086,2.762525251,3.229049129,4.985722186,1.545464342,0.917452492,3.914705633,4.452883998,2.997773055,5.126896815,5.945420508,4.475505106,-1.848394827,7.365432848,8.292366334,0.531623455
Pre-demographic dividend,PRE,GDP per capita growth (annual %),NY.GDP.PCAP.KD.ZG,,1.384155562,2.679445637,1.461723293,2.794004625,-3.694253966,8.745814843,2.90900778,3.224009413,3.209552861,3.384639556,1.836783801,3.477724658,1.258233049,1.181302831,2.75381501,2.078036036,0.388466479,-0.446306356,-1.199524056,-0.218800595,0.498851865,-5.205608911,0.416886822,1.434843651,-0.293773357
Puerto Rico,PRI,GDP per capita growth (annual %),NY.GDP.PCAP.KD.ZG,,4.863317331,2.98675151,6.086049154,0.78642427,-0.009183943,8.726426357,-1.845460369,-0.991029991,-0.582297438,-1.266583453,-1.416210879,0.092102072,0.80057306,1.24696939,0.842159018,0.436573539,0.706860914,0.665428416,-0.508345051,-0.410161933,1.664639446,-6.746411291,0.965622666,4.937605707,1.015942033
"Korea, Dem. People's Rep.",PRK,GDP per capita growth (annual %),NY.GDP.PCAP.KD.ZG,,,,,,,,,,,,,,,,,,,,,,,,,,
Portugal,PRT,GDP per capita growth (annual %),NY.GDP.PCAP.KD.ZG,,3.320509259,3.089054048,1.227263423,0.220542488,-1.301742086,1.545620102,0.595038718,1.441936413,2.305552113,0.174700555,-3.214389967,1.690928415,-1.551468317,-3.667531416,-0.377398249,1.337119967,2.214482885,2.341823216,3.759094389,3.01412373,2.658392606,-8.39685501,5.076695014,6.336223763,1.137700537
Paraguay,PRY,GDP per capita growth (annual %),NY.GDP.PCAP.KD.ZG,,-3.379211906,-4.178473563,-2.503241441,-1.439257091,3.020120633,2.845729149,1.004272268,3.712646975,4.375543134,5.458654921,-1.265526561,9.823414633,2.942162242,-2.038731097,6.80851345,3.830497925,1.503457647,2.792759759,3.345815987,1.795951631,-1.724202051,-2.148477897,2.696256138,-0.960716726,3.481335716
West Bank and Gaza,PSE,GDP per capita growth (annual %),NY.GDP.PCAP.KD.ZG,,5.548624948,-10.86318811,-11.59863728,-14.69701374,11.13938499,18.8491815,8.482908417,-3.49430235,1.169825962,4.513711439,5.734576813,3.065654256,6.867834875,3.510367464,2.214850479,-2.471026305,1.372585088,6.446661461,-0.577622802,-1.304814192,-1.151613665,-13.49638697,4.414695345,1.588564714,-7.743372756
Pacific island small states,PSS,GDP per capita growth (annual %),NY.GDP.PCAP.KD.ZG,,2.806186066,-3.105199522,-0.371665271,0.713309922,0.676555359,2.681936738,1.182798096,1.131250379,-0.77630013,0.977769884,-1.668326675,2.592150161,2.706976323,-0.1003513,2.086203391,2.493881596,2.664377514,2.666380358,2.898194909,1.700311508,0.183066733,-11.32818462,-4.187634123,7.78223262,4.229616822
Post-demographic dividend,PST,GDP per capita growth (annual %),NY.GDP.PCAP.KD.ZG,,3.035631064,3.516951463,1.049221876,1.023494796,1.513987562,2.682610505,2.253760137,2.368980242,1.946211403,-0.245607218,-3.883878276,2.435099263,1.389328384,0.835324099,1.066523883,1.549347804,1.767802121,1.338046109,2.075381753,1.888002703,1.475023877,-4.477194227,5.529276843,2.62435066,1.223842149
French Polynesia,PYF,GDP per capita growth (annual %),NY.GDP.PCAP.KD.ZG,,0.26446852,1.555972819,-1.952234879,-0.744711326,0.560718467,-0.52517415,-1.143644084,-0.520075697,0.506867933,-0.8415993,-4.816623138,-2.983311478,-3.464385684,-1.383517732,-0.105925368,-0.045320964,0.998225296,1.757953554,3.700104261,1.094308381,1.976586935,-7.729205637,1.38557351,3.699664651,
Qatar,QAT,GDP per capita growth (annual %),NY.GDP.PCAP.KD.ZG,,-1.208982625,2.570166154,-1.136390356,2.019062639,-1.17681781,14.71063896,-1.470185326,5.49322129,-2.781718211,0.360880522,0.415386597,12.3874949,7.67760832,-0.847554024,-1.177192047,-3.178365702,-3.928099196,-4.107862468,-5.732609622,-0.776739175,-0.764496641,-1.920757589,4.35442708,3.942580336,
Romania,ROU,GDP per capita growth (annual %),NY.GDP.PCAP.KD.ZG,,-0.220150555,2.593975232,6.696673666,7.655869434,3.081963843,11.05911322,5.316506112,8.670675853,8.829648237,11.1442089,-4.726982601,-3.328750364,5.032437581,2.379752336,0.642981501,4.511416855,3.646553566,3.449295219,8.823700768,6.653765808,4.401721366,-3.145541561,6.500470523,4.517235041,2.099659798
Russian Federation,RUS,GDP per capita growth (annual %),NY.GDP.PCAP.KD.ZG,,6.729502923,10.46370916,5.546718339,5.182750238,7.787967524,7.632491182,6.806607653,8.554941475,8.685765482,5.246210018,-7.827749977,4.453096398,4.218723339,3.849151935,1.538973517,-1.045262038,-2.183885472,0.01024792,1.709385694,2.815524107,2.243979517,-2.451026929,5.530893322,-2.161959769,
Rwanda,RWA,GDP per capita growth (annual %),NY.GDP.PCAP.KD.ZG,,3.114948518,7.029249082,6.981381606,11.18620386,-0.13181211,4.711812056,6.536945668,6.354817009,4.772660699,8.219977899,3.479422614,4.572490243,5.223929017,6.001699654,2.257665758,3.672769905,6.290328104,3.413246131,1.373898028,5.905963008,6.861761229,-5.662011589,8.259626527,5.686232424,5.799294787
South Asia,SAS,GDP per capita growth (annual %),NY.GDP.PCAP.KD.ZG,,5.406978205,2.109251856,2.367778171,1.752066283,5.212397153,5.679384066,5.828042862,5.925862471,5.550958397,1.808597242,5.400788074,5.805525995,3.55262576,3.912931179,4.602006641,5.486592969,5.951958508,6.485163906,5.222753616,5.086630237,2.74839491,-5.643700858,7.65554554,5.346414024,5.299419164
Saudi Arabia,SAU,GDP per capita growth (annual %),NY.GDP.PCAP.KD.ZG,,-6.223399491,2.989458028,-3.619622314,-5.128000688,8.707706082,5.627175071,2.389713669,-1.201285108,-2.077048159,2.232919975,-5.65743222,1.724848127,8.273244433,3.115487475,0.382125887,1.733401798,2.516886964,-0.14739375,-1.381603942,0.767900779,-1.185750532,-4.036197855,5.211636342,6.132626647,-2.200611753
Sudan,SDN,GDP per capita growth (annual %),NY.GDP.PCAP.KD.ZG,,0.629259591,3.29817914,3.534626661,3.175831597,3.494451685,2.327351127,2.648948123,3.312195908,2.407775788,0.595542525,-5.737535577,0.806213762,6.364974079,-6.662419424,-0.398675964,1.797467159,-1.207998062,0.29878369,-2.515686387,-5.737812284,-4.968250702,-6.250228079,-4.483619626,-3.524967663,
Senegal,SEN,GDP per capita growth (annual %),NY.GDP.PCAP.KD.ZG,,3.849657261,1.470780682,1.857485378,-2.318996909,3.028062941,2.059295773,1.692838859,-0.297866563,0.155202178,1.003708684,0.038174665,0.625915167,-1.387056834,1.205183768,-0.327534793,3.374701174,3.508054186,3.506889188,4.527490631,3.364821604,1.82926307,-1.342145925,3.762460203,1.185433252,1.092113959
Singapore,SGP,GDP per capita growth (annual %),NY.GDP.PCAP.KD.ZG,,4.876891842,7.165988202,-3.703665952,2.979229621,6.101275546,8.572205292,4.872093269,5.648343294,4.572986271,-3.415492694,-2.846771949,12.50852155,4.023381649,1.904462237,3.133979149,2.594723155,1.762324686,2.253328401,4.420373604,3.032029972,0.191993897,-3.569495981,14.36196612,0.458682805,-3.71813639
Solomon Islands,SLB,GDP per capita growth (annual %),NY.GDP.PCAP.KD.ZG,,-3.116789554,-16.41998489,-10.13377894,-5.035048501,4.108525978,5.270962148,4.976765039,1.828551806,1.341652944,3.882826826,0.558443867,7.158309775,4.844317252,-0.068203187,2.599048838,-1.353323068,-0.860529804,2.959649581,0.587961871,0.312349383,-0.624686845,-5.64540181,0.150392485,0.080631043,0.704416897
Sierra Leone,SLE,GDP per capita growth (annual %),NY.GDP.PCAP.KD.ZG,,-2.530594452,4.118554522,-11.61000168,19.55765748,5.170625744,2.968466632,1.59921052,2.013563215,5.624217064,2.809940606,0.423333101,3.707499414,3.193215077,12.21161521,18.01465349,1.984634814,-22.38331483,3.804537567,1.271949466,1.054769013,2.826763051,-4.196551048,1.796879524,1.232552806,1.249819829
El Salvador,SLV,GDP per capita growth (annual %),NY.GDP.PCAP.KD.ZG,,1.493428261,0.540163417,0.380732463,1.181244427,1.302937571,0.74220719,2.644062508,4.395456989,1.684235048,1.750909775,-2.479830745,1.772480979,3.379362487,2.48792474,1.780655936,1.338113134,2.046016356,2.220085315,1.984211278,2.25436301,2.37426594,-8.076269166,11.52485562,2.438981036,3.046661532
San Marino,SMR,GDP per capita growth (annual %),NY.GDP.PCAP.KD.ZG,,7.368437196,0.583243559,3.600800868,-1.963040277,1.577672299,2.780788899,0.984602063,2.267035143,5.652844588,-1.563991115,-11.35752493,-7.115513727,-10.81746001,-8.831707888,-1.240034985,-1.011662587,1.739978528,1.545832738,-0.395285594,1.196757217,1.999986594,-6.178501366,9.305191412,,
Somalia,SOM,GDP per capita growth (annual %),NY.GDP.PCAP.KD.ZG,,3.124916522,2.971711866,2.985879488,3.737779106,3.801021042,3.308883434,3.529448394,3.349719696,3.497587965,3.647976831,4.100523086,4.062960163,5.033366729,4.777600386,-5.828569278,3.836271227,6.314864285,2.480296785,5.29787554,-0.665618617,-0.067091688,-5.837393611,0.111181796,-0.658388537,0.000975996
Serbia,SRB,GDP per capita growth (annual %),NY.GDP.PCAP.KD.ZG,,-9.095703514,6.471472914,7.062707322,6.47847678,4.610065843,9.28288775,5.847869868,5.521892401,6.871969801,6.10631701,-2.340928202,1.136804338,2.845009607,-0.198378899,3.39452352,-1.126397327,2.311015889,3.88118476,2.645985862,5.067594881,4.893094256,-0.240923959,8.747356679,5.163956938,3.246987813
Sub-Saharan Africa (excluding high income),SSA,GDP per capita growth (annual %),NY.GDP.PCAP.KD.ZG,,-0.402969781,0.80543946,1.491793019,3.552443419,1.326665278,3.788691142,3.19178969,3.209204797,3.2880766,2.33868149,0.382994119,3.115950553,1.582673618,0.475270775,2.258235242,2.04947894,0.141096769,-1.450002912,-0.191155026,0.070144263,-0.010990167,-4.490579614,1.63226413,1.082204479,0.408917454
South Sudan,SSD,GDP per capita growth (annual %),NY.GDP.PCAP.KD.ZG,,,,,,,,,,,,0.428311416,0.224489691,-9.561710727,-48.3924544,9.010103006,2.384898534,-10.64207441,,,,,,,,
Sub-Saharan Africa,SSF,GDP per capita growth (annual %),NY.GDP.PCAP.KD.ZG,,-0.403279281,0.806546953,1.484571283,3.546807284,1.316788469,3.780167724,3.194598103,3.21222317,3.290783806,2.331371842,0.378447711,3.114754323,1.587235313,0.475317334,2.255151079,2.048948429,0.145878199,-1.4407846,-0.186884336,0.07240818,-0.008017072,-4.500358601,1.629019448,1.090681097,0.409373989
Small states,SST,GDP per capita growth (annual %),NY.GDP.PCAP.KD.ZG,,1.604279759,4.366379274,1.393749237,1.791526982,2.547637287,3.062906257,3.009751965,4.310671579,3.965326239,0.32209667,-4.589836856,1.267936147,1.895430645,0.727596765,0.312338085,1.093557455,1.606782874,2.037103414,2.970390235,2.453975235,2.355493395,-7.200210764,5.981122574,6.564578572,3.464751872
Sao Tome and Principe,STP,GDP per capita growth (annual %),NY.GDP.PCAP.KD.ZG,,1.041378598,-0.883823296,1.271789309,0.888637964,5.53003712,0.95433327,3.988164765,6.208915741,1.127398055,3.689731271,0.910767934,-0.785082452,-0.142032344,0.839878111,3.040169235,2.919601342,-0.29143919,3.373778771,2.409414678,2.744391173,0.466984036,0.727641306,-0.140450036,-1.815177373,-2.395792381
Suriname,SUR,GDP per capita growth (annual %),NY.GDP.PCAP.KD.ZG,,-3.225258827,0.279669784,2.405018941,1.084406708,4.587906465,7.056654288,3.356658223,4.617503576,3.932247207,2.974680679,1.859727007,3.995382339,4.686482739,1.592811916,1.86823594,-0.753771107,-4.385332083,-5.889277089,0.510548543,3.860103265,0.057663675,-16.91140745,-3.377631594,1.595909857,1.224442666
Slovak Republic,SVK,GDP per capita growth (annual %),NY.GDP.PCAP.KD.ZG,,-0.207808032,1.303574953,3.442924098,4.547442893,5.568547022,5.300319492,6.613002933,8.4881893,10.79969452,5.484389094,-5.581436385,6.617228486,2.539157147,1.146520641,0.524660149,2.59757523,5.06728463,1.812607028,2.778454293,3.886398879,2.372623516,-3.412601252,4.993948748,2.16063787,1.690286891
Slovenia,SVN,GDP per capita growth (annual %),NY.GDP.PCAP.KD.ZG,,5.257453424,3.365877567,3.054123502,3.377418071,2.898197278,4.292355219,3.618340924,5.409482633,6.383588927,3.346279544,-8.380319592,0.90277138,0.652023243,-2.84370502,-1.163520875,2.667134059,2.133258028,3.116346601,4.747106183,4.076316305,2.804350414,-4.880091909,7.937916227,2.271239311,1.158171733
Sweden,SWE,GDP per capita growth (annual %),NY.GDP.PCAP.KD.ZG,,4.165978928,4.598254794,1.177501892,1.864873974,1.929830384,3.927306257,2.44824844,4.075714897,2.675002671,-1.223069578,-5.151262729,5.052678573,2.418988511,-1.321002324,0.333984863,1.644244006,3.390176296,0.7961463,1.195147571,0.772577449,0.957561656,-2.87468419,5.511425193,1.966863651,-0.666848159
Eswatini,SWZ,GDP per capita growth (annual %),NY.GDP.PCAP.KD.ZG,,1.615224158,0.562746631,-0.00294699,3.445076764,3.096498534,2.946514905,5.393372141,5.416934351,3.831022924,0.279382179,1.099749008,3.318722455,1.743010228,4.82073687,3.222714546,0.246802469,1.499857603,0.302953769,1.240947186,1.582707546,1.885724119,-2.480299705,9.605330161,-0.310113437,4.049870005
Sint Maarten (Dutch part),SXM,GDP per capita growth (annual %),NY.GDP.PCAP.KD.ZG,,,,,,,,,,,,,3.751507805,6.542776021,-2.136464849,-4.136772665,-1.325380078,-2.833546206,0.535320539,-6.632476091,-7.620136596,8.966690537,-14.82488325,3.657905818,9.316631903,2.709209727
Seychelles,SYC,GDP per capita growth (annual %),NY.GDP.PCAP.KD.ZG,,-0.109437697,3.326714564,-2.356613335,-1.834806954,-4.81617833,-2.490008253,8.501897213,7.153345154,8.321654207,-4.87712623,-2.861424258,1.627370136,12.42658766,2.104128265,-0.599133305,2.457612439,6.51232551,10.62779004,5.652986796,3.94280693,4.581551136,-12.49013745,-0.254097866,-4.800110867,3.252151933
Syrian Arab Republic,SYR,GDP per capita growth (annual %),NY.GDP.PCAP.KD.ZG,,-5.983591992,-1.833603496,-1.491552,1.313731953,4.481402485,4.108899983,3.35987944,0.459605733,-0.812968046,0.725302005,4.198402534,2.788601917,1.07102213,-25.93119232,-22.49521229,-3.949252935,0.146192502,-5.216546919,-0.823278239,-0.442849729,-2.630992159,-3.422727083,-1.321411654,,
Turks and Caicos Islands,TCA,GDP per capita growth (annual %),NY.GDP.PCAP.KD.ZG,,,,,,,,,,,,,,,-4.877104109,-3.481133373,4.388946616,6.583542399,2.461528916,-6.410375464,1.428121839,1.416767776,-28.76069989,7.000330852,4.83134098,0.411259851
Chad,TCD,GDP per capita growth (annual %),NY.GDP.PCAP.KD.ZG,,-4.076926007,-4.20701537,8.001053927,4.814041637,10.25577118,27.83109465,12.74116064,-2.85311905,-0.167923467,-0.437900442,0.614501316,9.744973037,-3.354074685,5.150612145,2.006313918,3.15098859,-0.453003769,-9.161225856,-6.160905135,-1.026526888,-0.098958561,-4.66133902,-4.247134595,-0.348673771,0.959367777
East Asia & Pacific (IDA & IBRD countries),TEA,GDP per capita growth (annual %),NY.GDP.PCAP.KD.ZG,,5.236932885,6.575602909,5.97777667,7.098844484,8.020078525,8.230758254,9.091229406,10.20697923,11.63072081,7.802112667,7.192220333,9.127422259,7.812144121,6.660728992,6.399921112,6.128519908,5.897541639,5.766104723,5.896496835,5.830571982,5.184442226,0.768526611,7.236880005,3.148702214,4.845753648
Europe & Central Asia (IDA & IBRD countries),TEC,GDP per capita growth (annual %),NY.GDP.PCAP.KD.ZG,,2.490408976,7.453006187,2.682927115,5.094686926,6.163918987,7.794648408,6.550993563,7.725081734,7.544609094,4.181788311,-5.034608303,4.173816637,5.405183554,2.981645914,2.871993601,1.819917828,0.964924335,1.338933818,3.814059093,3.254503331,2.208466899,-1.735073276,7.216832918,3.034902932,3.448635294
Togo,TGO,GDP per capita growth (annual %),NY.GDP.PCAP.KD.ZG,,-0.458087337,-3.558947271,-1.868706289,1.150877512,3.974642458,-3.544703148,-7.10954805,-0.191993083,-4.0070262,1.110684467,2.550879945,3.064081853,3.050654906,3.571506815,3.14979486,2.99321468,2.859340497,1.655892692,1.472549302,2.270032807,2.422840816,-0.417772638,3.51118001,3.322890762,3.997413061
Thailand,THA,GDP per capita growth (annual %),NY.GDP.PCAP.KD.ZG,,3.404319498,3.421814811,2.496283653,5.202479885,6.271893252,5.419952834,3.380060038,4.179335862,4.6348769,0.968009165,-1.401481911,6.793959919,0.190947238,6.554004502,2.065308706,0.432582323,2.644812515,2.977158499,3.749843744,3.886439661,1.856848998,-6.27073306,1.39024301,2.325679337,1.734892772
Tajikistan,TJK,GDP per capita growth (annual %),NY.GDP.PCAP.KD.ZG,,3.150691906,6.883574256,7.258658969,8.548267566,8.825128448,8.212584203,4.729870238,5.055225906,5.835861382,5.893088682,1.897164301,4.359555318,5.150687405,5.181983258,5.021062185,4.268557189,3.560193553,4.434283622,4.697657724,5.211721313,4.99743636,2.144187338,7.078973175,5.800206043,6.263346476
Turkmenistan,TKM,GDP per capita growth (annual %),NY.GDP.PCAP.KD.ZG,,14.69954832,3.898199859,2.858928957,-1.105635721,1.966409833,3.675776671,11.50749615,9.444376584,9.493054042,13.00901217,4.443794242,7.396303384,12.71357237,9.108041446,8.190014191,8.292780829,4.592543895,4.351811629,4.718773372,4.507069544,4.688624039,,,,
Latin America & the Caribbean (IDA & IBRD countries),TLA,GDP per capita growth (annual %),NY.GDP.PCAP.KD.ZG,,-1.092241067,2.043610881,-1.212648715,-0.961129551,1.172882062,3.988252881,2.717002125,3.956179155,4.105294589,2.621311377,-3.424711847,5.536377411,3.367196464,1.475839089,1.721563882,0.308154459,-0.692208494,-1.367689092,0.966916236,0.702571315,-0.189949305,-7.327051878,6.444973349,3.294507673,1.411895593
Timor-Leste,TLS,GDP per capita growth (annual %),NY.GDP.PCAP.KD.ZG,,-36.28958551,55.97048366,14.44376764,-8.410114103,-3.98531226,-1.644953494,0.506523184,-6.55049062,7.582964445,8.862279487,7.82480679,7.026731669,3.62702076,2.584000616,0.984769245,2.420223117,1.008435643,1.785527392,-4.599308222,-2.157407703,21.61997402,29.97669643,3.645483362,-21.74735831,-15.57318028
Middle East & North Africa (IDA & IBRD countries),TMN,GDP per capita growth (annual %),NY.GDP.PCAP.KD.ZG,,2.257960492,4.101186973,0.870028217,1.414199374,0.419982833,5.587271168,2.417999215,3.335708497,4.044446456,1.748039229,0.570917441,3.325827705,-2.846233854,1.661251606,-1.53209398,-0.197240216,-1.2677294,3.480124813,1.416601571,0.103207583,-0.598058065,-5.847190351,4.641257979,2.880220288,1.255651597
Tonga,TON,GDP per capita growth (annual %),NY.GDP.PCAP.KD.ZG,,3.061048125,0.265442712,3.138756156,4.248038636,1.714245325,-2.992319306,-0.484588376,-0.672387184,-0.150156521,4.462168404,-5.386686399,0.579134054,6.591955722,0.925330753,0.699172883,2.461694273,1.652378933,6.989392521,3.608636124,0.493856828,0.897435309,0.19936359,-3.368004141,-2.78271515,
South Asia (IDA & IBRD),TSA,GDP per capita growth (annual %),NY.GDP.PCAP.KD.ZG,,5.406978205,2.109251856,2.367778171,1.752066283,5.212397153,5.679384066,5.828042862,5.925862471,5.550958397,1.808597242,5.400788074,5.805525995,3.55262576,3.912931179,4.602006641,5.486592969,5.951958508,6.485163906,5.222753616,5.086630237,2.74839491,-5.643700858,7.65554554,5.346414024,5.299419164
Sub-Saharan Africa (IDA & IBRD countries),TSS,GDP per capita growth (annual %),NY.GDP.PCAP.KD.ZG,,-0.403279281,0.806546953,1.484571283,3.546807284,1.316788469,3.780167724,3.194598103,3.21222317,3.290783806,2.331371842,0.378447711,3.114754323,1.587235313,0.475317334,2.255151079,2.048948429,0.145878199,-1.4407846,-0.186884336,0.07240818,-0.008017072,-4.500358601,1.629019448,1.090681097,0.409373989
Trinidad and Tobago,TTO,GDP per capita growth (annual %),NY.GDP.PCAP.KD.ZG,,7.659243849,6.488905191,3.673271606,7.343523063,13.79977071,7.345417274,5.595845656,12.56313758,4.15345776,2.802179778,-4.964072472,2.656160519,-0.977117819,6.668825495,2.787885458,3.142598026,-1.424095046,-8.103185084,-5.398122175,-2.32670153,-0.64540737,-8.969595417,-1.524953734,1.125565858,1.844285027
Tunisia,TUN,GDP per capita growth (annual %),NY.GDP.PCAP.KD.ZG,,4.852816592,3.596026898,2.739037346,0.324463973,3.683117807,5.219832543,2.529027841,4.288249565,5.732862742,3.261953407,2.048569302,1.926220439,-3.267130183,2.893681767,1.288717988,1.929765049,-0.157752757,0.010796317,1.149143048,1.579179386,0.607548217,-9.436698359,3.74173592,1.830277917,-0.399410952
Turkiye,TUR,GDP per capita growth (annual %),NY.GDP.PCAP.KD.ZG,,-4.707525496,5.385567182,-7.138251276,4.969062414,4.373434322,8.309399699,7.533399484,5.570263162,4.20987633,-0.452853692,-6.127857401,6.792082326,9.579863958,3.461212425,7.101319543,3.53349204,4.678595993,1.94225846,6.116958888,1.62818524,-0.612618494,0.87618637,10.42939522,4.499499758,4.092940286
Tuvalu,TUV,GDP per capita growth (annual %),NY.GDP.PCAP.KD.ZG,,-1.625138124,-0.949939401,0.176696809,9.660586058,-4.931553669,-3.500431751,-5.815126602,1.233859397,5.886575736,5.3894081,-7.475019216,-3.538283307,5.320730671,-3.516303432,3.736151708,0.17432792,10.63999724,5.903789581,2.675467241,1.042016515,12.87669766,-5.252159703,0.577470582,-0.283895502,3.087309373
Tanzania,TZA,GDP per capita growth (annual %),NY.GDP.PCAP.KD.ZG,,2.137100274,1.604208029,3.230092105,4.333864469,3.876986634,4.631290025,4.542441304,3.589391561,3.819321934,2.846011509,2.671290177,3.625050343,4.649286199,1.509348747,3.616643549,3.470553151,2.685367285,3.232143551,3.206214499,2.207868433,2.667817082,-1.019582809,1.247802438,1.527011137,
Uganda,UGA,GDP per capita growth (annual %),NY.GDP.PCAP.KD.ZG,,4.611757162,-0.041787423,2.029305565,5.40510273,3.202284984,3.693646482,3.286767765,7.601959559,5.278298227,5.573044281,3.73251034,2.602544561,6.257298379,0.875761039,0.649426228,2.031585586,1.98592377,1.344186747,-0.412239332,2.749030461,2.885708922,-0.423316497,0.264400772,1.498371651,2.345070129
Ukraine,UKR,GDP per capita growth (annual %),NY.GDP.PCAP.KD.ZG,,0.745271248,6.971359711,9.949427008,6.344762227,10.40881321,12.64662717,3.829305329,8.301133677,8.863688463,2.79864235,-14.75897466,4.506344824,5.825146656,0.399970156,0.273496006,-4.875249963,-9.443832191,2.854802608,2.810645471,4.016381776,3.793723912,-3.101658589,4.364484614,-17.12742417,
Upper middle income,UMC,GDP per capita growth (annual %),NY.GDP.PCAP.KD.ZG,,2.115550482,4.891818901,2.422649864,3.840499057,4.954549187,6.930668922,6.58518178,7.725944072,8.584923728,5.419827081,2.633307106,7.672447047,6.061752364,4.80787069,4.670682624,4.005300159,3.641364599,3.724744775,4.509794457,4.122074596,3.392790771,-1.136341829,7.278995313,3.216554541,4.073804765
Uruguay,URY,GDP per capita growth (annual %),NY.GDP.PCAP.KD.ZG,,-2.009892883,-2.324954543,-4.097996634,-7.885543449,0.690750521,4.890119116,7.334976049,3.953910787,6.337655625,6.936003351,3.993184323,7.53025567,4.881023872,3.246526464,4.326613641,2.919729657,0.041679877,1.363677415,1.489637689,0.022997796,0.888322577,-7.398384668,5.648960882,4.813286594,0.358268517
United States,USA,GDP per capita growth (annual %),NY.GDP.PCAP.KD.ZG,,3.591980378,2.925862545,-0.038731926,0.761236853,1.915882478,2.891110912,2.534110707,1.798198747,1.038343822,-0.828888121,-3.426831943,1.846740458,0.828926174,1.541466234,1.412741679,1.774699807,2.190430566,1.084257383,1.811476365,2.425877219,2.001482679,-3.156444252,5.633868128,1.561598189,2.039505936
Uzbekistan,UZB,GDP per capita growth (annual %),NY.GDP.PCAP.KD.ZG,,3.181779108,2.408081725,2.853468768,2.70878259,3.026728084,6.216411405,5.713013284,6.148245628,7.925723269,7.292860008,6.243041208,4.602330394,4.6775345,5.537338042,5.633700764,5.086104322,5.364816968,4.106072763,2.652484733,4.056506681,4.011392184,0.053822237,5.3022179,3.49604367,3.764398849
St. Vincent and the Grenadines,VCT,GDP per capita growth (annual %),NY.GDP.PCAP.KD.ZG,,2.863481929,1.801564337,1.90223086,5.519476975,7.013934853,4.576987002,3.005377086,7.588435566,3.885155039,0.866999465,-0.950808501,-4.005527482,-0.053088583,1.749451826,3.066102157,1.759763469,3.198224391,4.656031797,1.846748339,3.438252032,1.00422522,-3.470507627,1.043508186,7.555697873,6.271697751
"Venezuela, RB",VEN,GDP per capita growth (annual %),NY.GDP.PCAP.KD.ZG,,-7.787498607,1.7311451,1.513897608,-10.4774248,-9.369276364,16.280063,8.490127021,8.115562125,7.082213076,3.737397826,-4.54882021,-2.816899035,2.811795401,4.284533881,0.094579108,-5.025111414,,,,,,,,,
British Virgin Islands,VGB,GDP per capita growth (annual %),NY.GDP.PCAP.KD.ZG,,,,,,,,,,,,,,,,,,,,,,,,,,
Virgin Islands (U.S.),VIR,GDP per capita growth (annual %),NY.GDP.PCAP.KD.ZG,,,,,,-0.392409019,3.323031122,3.497713552,3.585222912,4.041316111,1.162598335,-6.600820338,0.640017046,-8.147450692,-14.73218495,-6.157647384,-1.62976238,-0.267922316,1.786070569,-0.517853882,2.171426079,3.253914656,-1.567034774,3.262240113,,
Viet Nam,VNM,GDP per capita growth (annual %),NY.GDP.PCAP.KD.ZG,,3.438780913,5.601279268,5.106408112,5.23373885,5.805460735,6.444990449,6.472490512,5.946165321,6.105167321,4.631076535,4.318505014,5.293292879,5.283256916,4.379562786,4.423447222,5.293387384,5.877849305,5.618680103,5.909240973,6.467191498,6.392585945,1.937356594,1.691632688,7.331941087,4.332271059
Vanuatu,VUT,GDP per capita growth (annual %),NY.GDP.PCAP.KD.ZG,,-1.988164553,3.364842775,-5.829386091,-7.586125113,1.70550587,1.459448915,2.784370221,5.886420478,0.433127664,3.070110439,0.571086858,-1.119005997,0.742453227,-1.352753559,-1.908154629,0.694155033,-1.997430873,2.182595853,3.745446327,0.456982334,0.831127737,-7.211878534,-3.851095402,-0.455454837,-0.160067101
World,WLD,GDP per capita growth (annual %),NY.GDP.PCAP.KD.ZG,,2.139467872,3.135587974,0.681080138,0.976310173,1.792262388,3.154465491,2.708275359,3.146137743,3.092673797,0.804417009,-2.561855637,3.265482918,2.095319645,1.451508744,1.615675422,1.885841446,1.915147257,1.630446387,2.283866696,2.153227353,1.561181076,-3.906872233,5.34807892,2.277610885,1.7797987
Samoa,WSM,GDP per capita growth (annual %),NY.GDP.PCAP.KD.ZG,,1.161398486,4.066718656,6.509151449,5.029244978,4.757964877,2.740297964,6.326566545,1.726034118,-0.09379094,2.849305251,-1.256816179,5.309181062,2.961063106,-4.593625702,-0.801457579,-0.247106676,2.924962048,6.947334634,0.387482106,-1.591222875,3.365466916,-4.471685199,-8.707767529,-6.846891486,6.413358166
Kosovo,XKX,GDP per capita growth (annual %),NY.GDP.PCAP.KD.ZG,,,,,,,,,,,,5.379854143,5.226981641,5.919487047,1.274977368,4.702827229,3.653588296,7.371827529,6.203641207,4.038674411,3.056665999,5.237402971,-5.40663812,10.99957199,5.337274838,4.026981091
"Yemen, Rep.",YEM,GDP per capita growth (annual %),NY.GDP.PCAP.KD.ZG,,0.874332587,3.251318206,1.012423088,1.201096174,1.033330183,1.241632423,2.683287177,0.138054891,0.256559574,0.593252192,0.837999511,4.592944574,-15.22174041,-0.526827926,1.868808284,-2.955389297,-29.9217613,-11.72001834,-7.475113134,-1.721734758,,,,,
South Africa,ZAF,GDP per capita growth (annual %),NY.GDP.PCAP.KD.ZG,,1.268070803,3.201510449,1.794442757,2.760877986,2.001993713,3.581230211,4.286771531,4.591102101,4.29764521,2.028404688,-2.702155972,1.817735697,1.873318226,1.04422917,1.099461735,-0.172220609,-0.757928114,-0.309171167,0.766941613,0.319770422,-1.030132943,-7.106588783,3.662368304,1.056874678,-0.265252688
Zambia,ZMB,GDP per capita growth (annual %),NY.GDP.PCAP.KD.ZG,,1.943905544,1.062291692,2.208315021,1.360081411,3.691827653,3.683416254,3.74143169,4.237999819,4.59126068,3.99309571,5.405935895,6.507553257,2.063590952,4.103074163,1.67639598,1.348369284,-0.312861216,0.540360376,0.35215084,0.89734746,-1.564236877,-5.59573306,3.259457717,2.386468543,2.992083549
Zimbabwe,ZWE,GDP per capita growth (annual %),NY.GDP.PCAP.KD.ZG,,-2.240737255,-4.027575911,0.789790878,-9.454024651,-17.62184095,-6.466318539,-6.203725289,-4.289336732,-4.582530693,-18.32350275,10.87582136,19.93898151,12.98337974,13.65475039,0.988283016,-0.715190166,-0.132759722,-1.177892602,1.974845568,2.909395136,-8.177320352,-9.670404777,6.271613215,4.387996938,2.783839188
